0,1,2,3,4,5,6,7,8,9
0.2510974539069366,0.37593984962406013,0.8894472361809045,0.3707165109034267,0.5410714285714295,0.09017713365539452,0.2481412639405204,0.0,0.0,1.0
1.0,0.2360902255639099,0.0,0.22118380062305296,0.062499999999998224,0.01932367149758454,1.0,0.0,0.4705882352941176,1.0
0.1757981479442486,0.360749989152466,0.8816233002251327,0.36823213217202483,0.5603526528085372,0.1220571426292755,0.2233070939100889,0.0,0.1983122845175912,1.0
0.2598770851624295,0.4135338345864663,0.8743718592964823,0.44236760124610586,0.4839285714285708,0.0998389694041868,0.2379182156133829,0.0,0.0,1.0
0.3200175592625101,0.3789473684210525,0.944723618090452,0.3208722741433022,0.4625000000000004,0.0933977455716586,0.27788104089219323,0.0,0.0,1.0
0.2423178226514437,0.33233082706766903,0.9070351758793967,0.3021806853582555,0.5250000000000004,0.09017713365539452,0.2946096654275092,0.0,0.0,1.0
0.2392449517120241,0.3398496240601503,0.7989949748743719,0.2928348909657321,0.564285714285715,0.0933977455716586,0.31412639405204457,0.0,0.4705882352941176,1.0
0.2405618964003509,0.3308270676691729,0.8894472361809045,0.41433021806853576,0.5624999999999982,0.10305958132045087,0.2416356877323419,0.0,0.4117647058823529,1.0
0.20983318700614007,0.3789473684210525,0.8668341708542713,0.3551401869158878,0.5999999999999996,0.09822866344605474,0.22583643122676575,0.0,0.0,1.0
0.21861281826163287,0.4796992481203009,0.8844221105527638,0.2990654205607477,0.5482142857142858,0.05958132045088566,0.233271375464684,0.0,0.27450980392156865,1.0
0.4183494293239676,0.42406015037593997,0.5251256281407034,0.4299065420560747,0.4232142857142875,0.0853462157809984,0.3847583643122676,0.08571428571428573,0.33333333333333337,1.0
0.22475856014047224,0.34135338345864663,0.8994974874371858,0.3894080996884736,0.5392857142857146,0.09822866344605474,0.24256505576208165,0.0,0.0,1.0
0.32133450395083685,0.3563909774436089,0.9974874371859296,0.28037383177570097,0.4696428571428566,0.0966183574879227,0.278810408921933,0.0,0.0,1.0
0.3064091308165047,0.4060150375939848,1.0,0.2772585669781931,0.4785714285714278,0.0933977455716586,0.25278810408921937,0.0,0.0,1.0
0.3007023705004315,0.4481203007518797,0.9874371859296482,0.3894080996884736,0.35714285714285765,0.08695652173913042,0.258364312267658,0.0,0.2941176470588235,1.0
0.21115013169446686,0.3443609022556389,0.8944723618090452,0.3894080996884736,0.5892857142857135,0.11594202898550725,0.2295539033457249,0.0,0.0,1.0
0.2256365232660187,0.29774436090225564,0.836683417085427,0.3738317757009345,0.6196428571428569,0.10789049919484704,0.26115241635687725,0.0,0.0,1.0
0.23266022827041866,0.40751879699248095,0.9070351758793967,0.3894080996884736,0.4607142857142854,0.10628019323671498,0.2416356877323419,0.0,0.0,1.0
0.3208955223880565,0.4030075187969926,0.9773869346733668,0.32398753894081,0.4589285714285705,0.0821256038647343,0.2648698884758364,0.0,0.0,1.0
0.31343283582089043,0.3774436090225564,0.9798994974874372,0.3489096573208722,0.4499999999999993,0.08856682769726247,0.2676579925650557,0.0,0.19607843137254904,1.0
0.2330992098331848,0.4030075187969926,0.8919597989949748,0.2990654205607477,0.5357142857142865,0.10950080515297908,0.2481412639405204,0.0,0.0,1.0
0.2276318728759856,0.26888221767061943,0.8733475916019336,0.4960217309261406,0.6167806330718808,0.10243395783195745,0.24400933898273022,0.0,0.17913502315313976,1.0
0.7067603160667204,0.4616541353383461,0.7914572864321607,0.11526479750778815,0.13571428571428434,0.012882447665056359,0.5771375464684014,0.0,0.0,1.0
0.2238805970149258,0.3954887218045111,0.8994974874371858,0.3738317757009345,0.5196428571428573,0.07246376811594203,0.258364312267658,0.0,0.0,1.0
0.20939420544337395,0.3203007518796992,0.8844221105527638,0.5700934579439252,0.5089285714285712,0.1111111111111111,0.2360594795539033,0.0,0.0,1.0
0.25197541703248305,0.2917293233082705,0.7236180904522612,0.44236760124610586,0.6071428571428559,0.11755233494363927,0.2890334572490705,0.0,0.0,1.0
0.2449517120280831,0.386466165413534,0.9145728643216079,0.3862928348909658,0.4857142857142858,0.10466988727858292,0.2416356877323419,0.0,0.5686274509803921,1.0
0.12906057945565408,0.5293233082706768,0.7763819095477386,0.557632398753894,0.4410714285714281,0.17713365539452494,0.15334572490706322,0.0,0.0,1.0
0.3055311676909582,0.3353383458646617,0.7437185929648241,0.3551401869158878,0.5553571428571438,0.0966183574879227,0.3122676579925649,0.04444444444444445,0.0,1.0
0.30948200175592433,0.28421052631578925,0.693467336683417,0.16822429906542055,0.7142857142857153,0.05636070853462157,0.3708178438661709,0.0,0.392156862745098,1.0
0.33717613621114,0.32012499609567346,0.9418637366819022,0.407264998268391,0.48132690568500763,0.09377645148739684,0.280165473474486,0.0,0.2554105990401704,1.0
0.303336259877085,0.34135338345864663,0.9547738693467336,0.2461059190031153,0.5821428571428555,0.09017713365539452,0.2741635687732342,0.0,0.2352941176470588,1.0
0.3079489423117165,0.3365614936850935,0.9305432152823795,0.2201271465235239,0.45075662565487845,0.1049155865805735,0.3435983784232026,0.0,0.31671724052031663,1.0
0.7295873573309848,0.28721804511278193,0.0,0.11838006230529595,0.3946428571428555,0.00966183574879227,0.8336431226765797,0.0,0.0,1.0
0.5970149253731307,0.10827067669172917,0.0,0.4953271028037383,0.4249999999999989,0.13043478260869565,0.7258364312267658,0.0,0.6666666666666667,1.0
0.7129060579455597,0.04360902255639077,0.0,0.14330218068535824,0.5839285714285705,0.0,0.8856877323420074,0.0,0.0,1.0
0.2603160667251956,0.4496240601503758,0.9246231155778896,0.4735202492211837,0.4017857142857153,0.10305958132045087,0.2276951672862453,0.0,0.0,1.0
0.3055311676909582,0.3909774436090223,0.9673366834170852,0.2990654205607477,0.5303571428571434,0.08373590982286634,0.2499999999999999,0.0,0.0,1.0
0.2357330992098383,0.42556390977443614,0.8969849246231154,0.3676012461059189,0.4714285714285715,0.10305958132045087,0.2351301115241635,0.0,0.0,1.0
0.8823529411764639,0.0,0.0,0.5638629283489096,0.0,0.0933977455716586,0.7314126394052043,1.0,0.5490196078431373,1.0
0.26005832450234745,0.3411697933159443,0.8707856631730156,0.4691913932226956,0.5195338504956277,0.10745978207630008,0.25410117399287935,0.0,-0.008378550139994242,1.0
0.2370500438981509,0.30375939849624056,0.7160804020100502,0.3582554517133956,0.6178571428571421,0.09178743961352656,0.3122676579925649,0.03492063492063492,0.4313725490196078,1.0
0.4859525899912285,0.5563909774436091,0.0,0.22118380062305296,0.5107142857142861,0.01610305958132045,0.565985130111524,0.0,0.1568627450980392,1.0
0.6799824407374899,0.07518796992481191,0.0,0.14953271028037385,0.6071428571428559,0.0,0.8596654275092934,0.0,0.0,1.0
0.2085162423178275,0.3443609022556389,0.8994974874371858,0.3800623052959502,0.5910714285714302,0.1111111111111111,0.2351301115241635,0.0,0.0,1.0
0.20763827919226685,0.3593984962406014,0.8567839195979899,0.4018691588785047,0.6160714285714288,0.011272141706924315,0.27509293680297403,0.0,0.3725490196078432,1.0
0.2085162423178275,0.3142857142857143,0.8844221105527638,0.5015576323987538,0.5446428571428577,0.1111111111111111,0.2360594795539033,0.0,0.0,1.0
0.4661984196663696,0.3714285714285712,0.9246231155778896,0.2679127725856697,0.5250000000000004,0.08695652173913042,0.287174721189591,0.0,0.0,1.0
0.34090105896268313,0.4110177832710424,0.9638907319058911,0.3021023661933278,0.48971220409544064,0.09172671388419856,0.25727785221627025,0.0,0.2752492289786801,1.0
0.22651448639156516,0.3924812030075189,0.8969849246231154,0.3987538940809969,0.5464285714285726,0.09822866344605474,0.22862453531598506,0.0,0.0,1.0
0.42405618964002656,0.4586466165413534,0.5728643216080401,0.3551401869158878,0.3892857142857125,0.0789049919484702,0.41078066914498135,0.0,0.33333333333333337,1.0
0.658033362598772,0.4466165413533831,0.0,0.33333333333333337,0.2553571428571413,0.030595813204508857,0.7444237918215608,0.0,0.19607843137254904,1.0
0.32704126426689584,0.3954887218045111,0.8618090452261307,0.3551401869158878,0.4375000000000018,0.0821256038647343,0.2946096654275092,0.0,0.0,1.0
0.2085162423178275,0.3774436090225564,0.8391959798994973,0.3676012461059189,0.5874999999999986,0.06280193236714976,0.2592936802973977,0.0,0.0,1.0
0.22080772607549196,0.34285714285714275,0.8793969849246229,0.3707165109034267,0.5500000000000007,0.0966183574879227,0.2499999999999999,0.0,0.0,1.0
0.2453906935908634,0.3218045112781953,0.8944723618090452,0.42056074766355134,0.5946428571428566,0.10466988727858292,0.2379182156133829,0.0,0.0,1.0
0.4661984196663696,0.4541353383458646,0.2537688442211055,0.33333333333333337,0.4249999999999989,0.05314009661835749,0.5306691449814125,0.0,0.0,1.0
0.5684811237927931,0.4661654135338345,0.728643216080402,0.2741433021806853,0.2392857142857157,0.012882447665056359,0.4981412639405203,0.0,0.0,1.0
0.26163301141352235,0.324812030075188,0.9095477386934672,0.3987538940809969,0.5624999999999982,0.09822866344605474,0.2490706319702601,0.0,0.0,1.0
0.3230904302019297,0.3714285714285712,0.9120603015075376,0.2429906542056075,0.5392857142857146,0.09178743961352656,0.2769516728624535,0.028571428571428567,0.33333333333333337,1.0
0.20983318700614007,0.3548872180451126,0.902010050251256,0.38317757009345793,0.5874999999999986,0.10789049919484704,0.2230483271375464,0.0,0.0,1.0
0.19929762949955432,0.3774436090225564,0.8768844221105527,0.3676012461059189,0.6142857142857139,0.061191626409017714,0.2416356877323419,0.0,0.0,1.0
0.32177348551360296,0.43759398496240604,0.972361809045226,0.3052959501557633,0.3839285714285694,0.08695652173913042,0.2685873605947955,0.0,0.6274509803921569,1.0
0.3187006145741833,0.3308270676691729,0.9396984924623116,0.25545171339563866,0.4410714285714281,0.10305958132045087,0.3280669144981413,0.0,0.4313725490196078,1.0
0.2524143985952492,0.3909774436090223,0.8894472361809045,0.411214953271028,0.4875000000000007,0.10950080515297908,0.2490706319702601,0.0,0.0,1.0
0.3178226514486369,0.3187969924812029,0.9221105527638191,0.2959501557632399,0.492857142857142,0.0998389694041868,0.30204460966542745,0.0,0.6862745098039215,1.0
0.2453906935908634,0.3097744360902253,0.8844221105527638,0.3894080996884736,0.6339285714285712,0.10628019323671498,0.2295539033457249,0.0,0.0,1.0
0.2756804214222939,0.2210526315789472,0.8165829145728642,0.2710280373831775,0.6678571428571427,0.0998389694041868,0.32249070631970256,0.0,0.4705882352941176,1.0
0.2699736611062349,0.2436090225563909,0.6834170854271356,0.4174454828660436,0.5464285714285726,0.11272141706924314,0.3531598513011153,0.0,0.0,1.0
0.21510096575943294,0.3263157894736841,0.8643216080402009,0.36137071651090336,0.5803571428571441,0.07085346215780998,0.2639405204460966,0.0,0.0,1.0
0.2958735733099189,0.3699248120300751,0.9798994974874372,0.31464174454828664,0.4499999999999993,0.08856682769726247,0.27973977695167274,0.0,0.5490196078431373,1.0
0.2186346368917517,0.42178966235761084,0.872424581635873,0.3643767721796365,0.5020713814030793,0.11532213031110897,0.23440509399233983,0.0,0.21696097853634383,1.0
0.20149253731342756,0.6210526315789471,0.9221105527638191,0.4517133956386292,0.36785714285714377,0.025764895330112718,0.17936802973977695,0.0,0.2352941176470588,1.0
0.3086040386303637,0.4496240601503758,0.0,0.08411214953271029,0.8285714285714292,0.0,0.516728624535316,0.0,0.0,1.0
0.2401229148375705,0.3187969924812029,0.8819095477386933,0.3582554517133956,0.571428571428573,0.10950080515297908,0.2602230483271375,0.019047619047619046,0.4901960784313725,1.0
0.3972783143107961,0.48872180451127795,0.33919597989949746,0.4174454828660436,0.3482142857142865,0.06280193236714976,0.4767657992565055,0.0,0.3529411764705882,1.0
0.6812993854258025,0.4902255639097746,0.92964824120603,0.1308411214953271,0.3142857142857132,0.0032206119162640897,0.4079925650557621,0.0,0.19607843137254904,0.0
0.2936786654960457,0.3533834586466165,0.8768844221105527,0.30841121495327106,0.5446428571428577,0.0966183574879227,0.2843866171003717,0.0,0.0,0.0
0.2835820895522403,0.31278195488721794,0.8894472361809045,0.2928348909657321,0.6124999999999989,0.0933977455716586,0.27509293680297403,0.0,0.0,0.0
0.34621349923070904,0.430395332410895,0.9221422345354845,0.254419276672563,0.5044694316389985,0.023478214700785465,0.3055910047631462,0.0,0.0,0.0
0.21115013169446686,0.3097744360902253,0.9070351758793967,0.41433021806853576,0.564285714285715,0.10305958132045087,0.24535315985130116,0.0,0.5098039215686274,0.0
0.2813871817383671,0.3639097744360902,0.9070351758793967,0.2367601246105919,0.6124999999999989,0.09178743961352656,0.26115241635687725,0.0,0.0,0.0
0.2080772607550472,0.3233082706766919,0.8618090452261307,0.3457943925233644,0.6196428571428569,0.1111111111111111,0.2434944237918216,0.0,0.4705882352941176,0.0
0.2866549604916457,0.2887218045112783,0.8944723618090452,0.31464174454828664,0.5839285714285705,0.09822866344605474,0.3029739776951672,0.0,0.27450980392156865,0.0
0.2805092186128064,0.4135338345864663,0.9396984924623116,0.2741433021806853,0.5678571428571413,0.09500805152979064,0.2416356877323419,0.0,0.0,0.0
0.2834931172091124,0.2879221934609511,0.7958973667562469,0.3297764520554139,0.555104001981763,0.15605712310580272,0.28871572927662653,0.0,0.0,0.0
0.2870939420544261,0.25864661654135324,0.6809045226130652,0.31152647975077885,0.6946428571428579,0.09017713365539452,0.33736059479553904,0.0,0.4705882352941176,0.0
0.2976294995610118,0.3097744360902253,0.8793969849246229,0.25856697819314645,0.5750000000000011,0.10305958132045087,0.31040892193308545,0.0,0.0,0.0
0.2778753292361671,0.3203007518796992,0.8944723618090452,0.3052959501557633,0.6071428571428559,0.08695652173913042,0.2741635687732342,0.0,0.33333333333333337,0.0
0.27919227392449386,0.31278195488721794,0.8969849246231154,0.3302180685358256,0.5732142857142843,0.0998389694041868,0.29368029739776946,0.0,0.0,0.0
0.2976294995610118,0.3729323308270678,0.8743718592964823,0.3489096573208722,0.5053571428571431,0.09500805152979064,0.278810408921933,0.0,0.0,0.0
0.30421422300263146,0.4060150375939848,0.7211055276381909,0.28037383177570097,0.5410714285714295,0.08856682769726247,0.3345724907063196,0.0,0.0,0.0
0.2805092186128064,0.3999999999999999,0.9195979899497488,0.28037383177570097,0.5321428571428584,0.09178743961352656,0.2639405204460966,0.0,0.2156862745098039,0.0
0.3112379280070172,0.3218045112781953,0.8743718592964823,0.31152647975077885,0.5607142857142868,0.0966183574879227,0.278810408921933,0.0,0.0,0.0
0.47279258966345267,0.4480586970432915,0.9495805006982271,0.1120024690856542,0.37893118447499347,0.017832176215473644,0.40374611550846934,0.0,0.09870104479412643,0.0
0.2866549604916457,0.2751879699248121,0.8844221105527638,0.3551401869158878,0.5964285714285733,0.09178743961352656,0.2890334572490705,0.0,0.0,0.0
0.2936786654960457,0.29323308270676685,0.9221105527638191,0.2710280373831775,0.5892857142857135,0.09822866344605474,0.30390334572490696,0.0,0.0,0.0
0.22080772607549196,0.42105263157894735,0.8919597989949748,0.3894080996884736,0.5678571428571413,0.06280193236714976,0.21840148698884754,0.0,0.0,0.0
0.2726075504828742,0.30827067669172914,0.9095477386934672,0.31152647975077885,0.5321428571428584,0.09500805152979064,0.30390334572490696,0.0,0.0,0.0
0.3560140474100137,0.3714285714285712,0.836683417085427,0.30841121495327106,0.4553571428571424,0.0966183574879227,0.3447955390334573,0.0,0.2156862745098039,0.0
0.3446005267778673,0.4150375939849624,0.8743718592964823,0.3302180685358256,0.382142857142858,0.08856682769726247,0.3317843866171003,0.0,0.0,0.0
0.2993854258121189,0.3022556390977442,0.8743718592964823,0.3302180685358256,0.5624999999999982,0.10305958132045087,0.30204460966542745,0.0,0.0,0.0
0.2857769973661135,0.3729323308270678,0.9271356783919597,0.31152647975077885,0.5,0.09178743961352656,0.2592936802973977,0.0,0.0,0.0
0.431957857769973,0.44511278195488696,0.902010050251256,0.25856697819314645,0.3839285714285694,0.014492753623188403,0.3689591078066914,0.0,0.0,0.0
0.2660228270412546,0.3218045112781953,0.8743718592964823,0.32398753894081,0.576785714285716,0.09017713365539452,0.278810408921933,0.0,0.0,0.0
0.33417031170164346,0.38566124387896256,0.8984200819140294,0.34928734985772736,0.47263160858032904,0.04749226080067324,0.31417009526889533,0.010194342320198078,-0.014835146319938555,0.0
0.28446005267778673,0.28270676691729313,0.902010050251256,0.31775700934579443,0.6214285714285719,0.0933977455716586,0.2853159851301115,0.0,0.0,0.0
0.33099209833186194,0.3699248120300751,0.8467336683417085,0.2772585669781931,0.5196428571428573,0.09178743961352656,0.3159851301115241,0.0,0.3137254901960784,0.0
0.3485513608428477,0.4751879699248121,0.8869346733668341,0.3208722741433022,0.35714285714285765,0.0821256038647343,0.3113382899628252,0.03492063492063492,0.0,0.0
0.5289727831431037,0.4496240601503758,0.9346733668341708,0.06853582554517135,0.34642857142857153,0.014492753623188403,0.4302973977695167,0.0,0.3137254901960784,0.0
0.3735733099209853,0.6075187969924811,0.9422110552763818,0.0,0.3946428571428555,0.004830917874396135,0.3317843866171003,0.0,0.0,0.0
0.4820017559262482,0.5233082706766918,0.9597989949748742,0.056074766355140186,0.34999999999999964,0.0177133655394525,0.3847583643122676,0.0,0.0,0.0
0.2914837576821725,0.3729323308270678,0.8517587939698492,0.32398753894081,0.5267857142857153,0.09500805152979064,0.29368029739776946,0.0,0.0,0.0
0.4640035118525106,0.41804511278195466,0.9698492462311556,0.1838006230529595,0.35357142857142954,0.037037037037037035,0.38197026022304814,0.0,0.2156862745098039,0.0
0.4552238805970177,0.3488721804511279,0.9170854271356784,0.1806853582554517,0.4482142857142843,0.030595813204508857,0.41078066914498135,0.0,0.33333333333333337,0.0
0.5201931518876108,0.3879699248120301,0.8994974874371858,0.16510903426791276,0.3892857142857125,0.01932367149758454,0.4405204460966542,0.0,0.0588235294117647,0.0
0.043898156277435874,0.3398496240601503,0.8718592964824119,0.25856697819314645,0.5660714285714299,0.0998389694041868,0.27137546468401474,0.0,0.6078431372549019,0.0
0.4881474978050875,0.5172932330827069,0.9572864321608041,0.15264797507788164,0.2749999999999986,0.0,0.3959107806691449,0.0,0.0,0.0
0.2897278314310796,0.3187969924812029,0.8743718592964823,0.2928348909657321,0.564285714285715,0.09822866344605474,0.2908921933085502,0.028571428571428567,0.4313725490196078,0.0
0.4863915715539946,0.3729323308270678,0.9472361809045226,0.15576323987538945,0.3892857142857125,0.020933977455716585,0.4265799256505575,0.0,0.0,0.0
0.3437225636523209,0.4285714285714284,0.8417085427135678,0.2928348909657321,0.4053571428571416,0.09500805152979064,0.3234200743494423,0.0,0.0,0.0
0.4820017559262482,0.5233082706766918,0.9597989949748742,0.056074766355140186,0.34999999999999964,0.0177133655394525,0.3847583643122676,0.0,0.0,0.0
0.3132815656064268,0.29238244357446064,0.9712188487900448,0.2575864660003783,0.5585867064755812,0.08794740034403684,0.32108257064295587,-0.004811643486844507,-0.07323754155788495,0.0
0.27524143985952776,0.38195488721804494,0.9095477386934672,0.2959501557632399,0.5839285714285705,0.08856682769726247,0.24535315985130116,0.0,0.0,0.0
0.4552238805970177,0.3593984962406014,0.8994974874371858,0.19003115264797507,0.4267857142857157,0.037037037037037035,0.4079925650557621,0.0,0.3137254901960784,0.0
0.4745390693590821,0.5458646616541354,0.9673366834170852,0.18691588785046728,0.2767857142857135,0.024154589371980683,0.34572490706319703,0.0,0.0,0.0
0.35250219490781376,0.4977443609022556,0.8994974874371858,0.3364485981308412,0.4053571428571416,0.09017713365539452,0.266728624535316,0.0,0.0,0.0
0.28094820017558675,0.29774436090225564,0.8592964824120602,0.28348909657320875,0.6053571428571427,0.09500805152979064,0.29832713754646845,0.0,0.0,0.0
0.2932396839332654,0.29473684210526296,0.8894472361809045,0.3271028037383178,0.5607142857142868,0.09178743961352656,0.30855018587360594,0.0,0.0,0.0
0.20017559262511495,0.299248120300752,0.8693467336683416,0.3956386292834891,0.6053571428571427,0.10789049919484704,0.24721189591078066,0.0,0.4705882352941176,0.0
0.4806848112379214,0.4511278195488724,0.9648241206030148,0.13395638629283488,0.3482142857142865,0.02737520128824477,0.4005576208178439,0.0,0.0,0.0
0.31052357846792317,0.39844179672419855,0.9324209321987071,0.2933681720462202,0.5157114002866736,0.08260524545799582,0.2743098413316373,-0.0006832850045311288,-0.01587868612723968,0.0
0.2850804437629563,0.2727947595420309,0.8551202031945672,0.3675527369499343,0.5580085852584884,0.11869176141636183,0.30339636232546496,-0.009702399123797353,0.3236941678338609,0.0
0.28446005267778673,0.3112781954887218,0.9195979899497488,0.3052959501557633,0.571428571428573,0.0966183574879227,0.2908921933085502,0.0,0.0,0.0
0.2945566286215921,0.3007518796992481,0.8618090452261307,0.28037383177570097,0.5607142857142868,0.0998389694041868,0.3094795539033457,0.0,0.588235294117647,0.0
0.2756804214222939,0.386466165413534,0.9045226130653266,0.2647975077881619,0.5857142857142872,0.0933977455716586,0.2546468401486989,0.0,0.0,0.0
0.19841966637400787,0.3849624060150374,0.8668341708542713,0.2866043613707165,0.5232142857142854,0.09017713365539452,0.29182156133829,0.0,0.0,0.0
0.4640035118525106,0.4135338345864663,0.9396984924623116,0.19003115264797507,0.3928571428571441,0.028985507246376812,0.3884758364312266,0.0,0.13725490196078433,0.0
0.29104477611939217,0.3729323308270678,0.7060301507537688,0.31152647975077885,0.5660714285714299,0.0821256038647343,0.3336431226765798,0.0,0.1764705882352941,0.0
0.2800702370500261,0.2766917293233082,0.8718592964824119,0.33956386292834884,0.6392857142857142,0.0966183574879227,0.28996282527881045,0.0,0.1176470588235294,0.0
0.3784021071114978,0.4631578947368422,0.8994974874371858,0.3208722741433022,0.3410714285714285,0.01932367149758454,0.3011152416356877,0.21904761904761905,0.0,0.0
0.2787532923617277,0.3142857142857143,0.8919597989949748,0.3738317757009345,0.5250000000000004,0.08695652173913042,0.287174721189591,0.0,0.3725490196078432,0.0
0.3453767589322178,0.4408828759147021,0.7943518469979776,0.31550483261109785,0.40985779505815717,0.09395066407064998,0.3378580151726421,0.0038987803210680187,-0.3285502036495604,0.0
0.2721685689201081,0.3443609022556389,0.8894472361809045,0.4361370716510903,0.5214285714285722,0.08695652173913042,0.27973977695167274,0.0,0.13725490196078433,0.0
0.3494293239683941,0.4766917293233082,0.9371859296482412,0.2772585669781931,0.4125000000000014,0.00966183574879227,0.3215613382899628,0.0,0.0,0.0
0.27743634767340103,0.31729323308270674,0.8793969849246229,0.2647975077881619,0.6178571428571421,0.09017713365539452,0.28996282527881045,0.0,0.0,0.0
0.2655838454784885,0.3984962406015038,0.8793969849246229,0.2679127725856697,0.5428571428571427,0.08051529790660225,0.278810408921933,0.0,0.0,0.0
0.2835820895522403,0.4751879699248121,0.9045226130653266,0.33333333333333337,0.5214285714285722,0.07729468599033816,0.2230483271375464,0.0,0.0,0.0
0.4552238805970177,0.3488721804511279,0.9170854271356784,0.1806853582554517,0.430357142857142,0.030595813204508857,0.41078066914498135,0.0,0.33333333333333337,0.0
0.28489903424055285,0.33834586466165417,0.8894472361809045,0.2866043613707165,0.5696428571428579,0.10466988727858292,0.28810408921933073,0.0,0.0,0.0
0.28094820017558675,0.34135338345864663,0.9045226130653266,0.33333333333333337,0.5678571428571413,0.09178743961352656,0.2760223048327137,0.0,0.2156862745098039,0.0
0.2419251828236474,0.5816199382321418,-4.338789010032868e-10,0.5288463438627331,0.6193273914903801,7.902646393353332e-19,0.2997569620650292,0.4686556774934025,0.0,5.0
0.2092412187052779,0.5412972170882394,1.2419878238216502e-10,0.752960993009425,0.6262989346569596,0.0031572229475278924,0.3359578669525067,0.16227046584147678,0.11311150223324176,5.0
0.18261633011412925,0.5488721804511281,0.0,0.7383177570093458,0.5874999999999986,0.0064412238325281795,0.3392193308550185,0.2031746031746032,0.0,5.0
0.22300263388936514,0.5218045112781953,0.0,0.778816199376947,0.6517857142857135,0.0064412238325281795,0.3355018587360593,0.12698412698412698,0.1764705882352941,5.0
0.2039392861406264,0.5160962681523574,2.6505671160091764e-10,0.7949137085888737,0.6081433106209343,0.005164264224538212,0.34967307408618126,0.1622492634316071,0.07020250377452149,5.0
0.18876207199296854,0.5127819548872181,0.0,0.7445482866043613,0.6392857142857142,0.012882447665056359,0.3382899628252788,0.19365079365079366,0.09803921568627452,5.0
0.22309914238961184,0.544043643874995,-1.6942850048891934e-11,0.7526225794063834,0.6531565446606761,0.007036646337385886,0.3273612126896712,0.1307348809222489,0.17620024690013833,5.0
0.5487269534679484,0.7609022556390976,0.4597989949748744,0.31775700934579443,0.11071428571428577,0.0499194847020934,0.29553903345724897,0.5333333333333333,0.0,5.0
0.24535259861979525,0.5682536632427799,0.0,0.522941284912737,0.6376549649001635,0.0,0.28611910079645775,0.4984126984126984,0.0982797411711769,5.0
0.24200313847009633,0.6953340770405169,8.87479903316332e-12,0.43457012052740923,0.5547672969396404,-7.773564675034369e-19,0.30056194332786,0.4172384513778008,0.0,5.0
0.21671407321713906,0.5041009042148783,0.0,0.784206927921818,0.5236719391018897,0.014948255035643582,0.35308332197554165,0.31953880453525574,0.0041923737814858345,5.0
0.21531767396226317,0.703126578051722,1.1636776171935445e-10,0.6309432575130502,0.6727653263807666,-0.004562834261238553,0.2607045363646046,0.14082670732119246,0.038701262766032786,5.0
0.23529411764705804,0.5488721804511281,0.0,0.514018691588785,0.6785714285714288,0.0,0.283457249070632,0.4984126984126984,0.0,5.0
0.24507320001980099,0.661822218964591,3.3273795242599794e-11,0.5494999396706186,0.5238427284939537,1.3828514167218482e-18,0.25344232649901005,0.5639114007811208,0.0,5.0
0.17932185928418234,0.6238060802211,-2.597041416188683e-10,0.6748613212827498,0.6636656903737358,0.008485079416451588,0.2867482640793874,0.16960637661501615,0.0601321776226597,5.0
0.41397339375380177,0.5395028025279267,0.7395916342127523,0.42251767711723276,0.23510214708089092,0.09987605777224602,0.3514965473570017,0.019523384045433342,0.0,5.0
0.206336275844587,0.7234400325014536,2.3883142180755007e-10,0.5808503830956325,0.6861053652734366,-0.00625907272599849,0.24208146128607427,0.17180699324942153,-0.013819767098639052,5.0
0.23876262631449852,0.5883908879860473,3.290201069136886e-10,0.529410563881016,0.6292071625260667,-6.540801747948859e-20,0.27001636945836655,0.5230147908995707,0.0,5.0
0.23935466423004287,0.6765381291095939,-1.5890859435443888e-10,0.4854741127632976,0.5650983264512583,-2.6108130278799455e-19,0.28015614384704907,0.4620530558299508,0.0,5.0
0.24803215111386637,0.519346819153764,2.558760909172596e-10,0.5763145166301122,0.6522842390264991,4.500597251478345e-19,0.3044656758152678,0.4900834856692354,0.0,5.0
0.21861281826163287,0.4736842105263159,0.4472361809045226,0.4672897196261682,0.5874999999999986,0.0,0.3011152416356877,0.2412698412698413,0.0,5.0
0.23266022827041866,0.6330827067669174,0.0,0.4922118380062305,0.5892857142857135,0.0,0.3011152416356877,0.4380952380952381,0.0,5.0
0.2203687445127258,0.6345864661654135,0.0,0.616822429906542,0.623214285714285,0.0,0.3048327137546468,0.2126984126984127,0.0,5.0
0.1393134206531659,0.5646457846578452,3.7964689469117264e-10,0.7251334166010849,0.6533326154144138,0.007484846046241108,0.30733510374174433,0.1823920722027231,0.04210296785936808,5.0
0.21685689201052585,0.6436090225563911,0.0,0.6915887850467288,0.5785714285714274,0.008051529790660225,0.3159851301115241,0.16825396825396827,0.0,5.0
0.23617208077260446,0.1834586466165411,0.0,0.28037383177570097,0.958928571428574,0.43478260869565216,0.3252788104089218,0.0,0.0,5.0
0.19665662513792348,0.5397947344510526,-1.4817131110790864e-10,0.7381446959813164,0.606405601108893,0.0071207324547475906,0.34187124906432953,0.19132053297762885,0.016793424420017314,5.0
0.13705216499043682,0.5336449395380557,-1.7145731451492206e-10,0.6943760049243785,0.6324492689710248,0.012384119634315821,0.32456486852521405,0.23651371776499816,0.010640188942699524,5.0
0.2648660088218827,0.6049888961682217,0.0,0.5326520769741858,0.5733477377949009,0.0,0.28787836172237713,0.5047619047619047,0.15393203273940226,5.0
0.5267778753292305,0.40751879699248095,0.8391959798994973,0.2928348909657321,0.4589285714285705,0.0966183574879227,0.3159851301115241,0.0,0.0,5.0
0.2166524056259256,0.5615720127611183,5.099274625965982e-10,0.6709501489686531,0.6110793280083456,0.005287449351498153,0.3349807973023789,0.21969182995942393,0.04078846632619282,5.0
0.2651448639157081,0.6045112781954889,0.0,0.5327102803738317,0.5732142857142843,0.0,0.28810408921933073,0.5047619047619047,0.1568627450980392,5.0
0.2258889352734812,0.5057620038341767,-9.183278861786681e-11,0.7880013753558677,0.6525194330075732,0.00712377917231429,0.3434371734093795,0.12683790121230662,0.17884399623635516,5.0
0.26169864480381044,0.6096311493527855,0.0,0.49426592717047346,0.5906528649456004,0.0,0.29197985008284283,0.494765207273976,0.058404725873697015,5.0
0.25244011843639175,0.6181811160470907,-1.287321337174001e-10,0.7297615661505377,0.6046497118787557,-0.0037448430282933515,0.3173168544854768,0.13961670718780733,0.0476751721433918,5.0
0.32219514180513303,0.5340809224643034,0.8301110884744817,0.5649670830323482,0.27744920182288024,0.21524863178563114,0.0654169817734602,0.44656480618119726,0.0,5.0
0.2708516242317813,0.6345864661654135,0.0,0.470404984423676,0.5678571428571413,0.0,0.29553903345724897,0.492063492063492,0.0,5.0
0.14094394973738678,0.501614815976078,-9.361076402677347e-11,0.7871823108883936,0.6490513513871755,0.016093843913726175,0.3303755809604366,0.1817862428962531,0.05224358149266553,5.0
0.3173836698858565,0.5398496240601505,0.8190954773869346,0.6012461059190031,0.25714285714285623,0.23510466988727854,0.03345724907063197,0.5174603174603174,0.0,5.0
0.24594106401908497,0.5798579824473884,1.3459122240644038e-10,0.5114829758930157,0.6317181210850414,1.0986613185434708e-18,0.2940965517930164,0.4812415666120513,0.0,5.0
0.4170324846356408,0.5458646616541354,0.0,0.5389408099688473,0.6446428571428573,0.0,0.27973977695167274,0.5206349206349206,0.0,5.0
0.3143107989464369,0.5503759398496242,0.0,0.4766355140186915,0.5446428571428577,0.22705314009661834,0.09665427509293678,0.914285714285714,0.0,5.0
0.22078956257806173,0.5826118218613995,1.0225478552106529e-10,0.6716991878537034,0.591245831890715,0.014449384663801513,0.3353683322769389,0.21404852425976073,0.014867836449034224,5.0
0.2160559004195554,0.5162466927296693,-9.12312367771043e-11,0.7952814934044719,0.6491447403363836,0.00893718509781373,0.33624883423033963,0.12226612503941427,0.18172082784094326,5.0
0.1776251593764979,0.620119967415482,-5.3422433942864306e-11,0.6297498675267399,0.6949467026939519,0.007426576683824036,0.2731394028385536,0.20483088245434605,0.03187265598563071,5.0
0.25685140295767483,0.6187161684679796,0.0,0.530979246466702,0.5771832991727759,0.0,0.28139070214270256,0.5047619047619047,0.06970009659786452,5.0
0.26163301141352235,0.5263157894736841,0.0,0.557632398753894,0.6339285714285712,0.0,0.2964684014869887,0.53015873015873,0.0,5.0
0.26999706142313956,0.6028099919033298,2.7350866358764434e-10,0.5183500665263895,0.5726980624643782,-7.00427357930223e-19,0.29821693522672993,0.5032452753478498,0.0,5.0
0.19359086918349533,0.4721804511278194,0.0,0.7009345794392523,0.6107142857142858,0.02254428341384863,0.3698884758364312,0.2571428571428572,0.0196078431372549,5.0
0.17515364354696314,0.6195488721804511,0.0,0.6635514018691588,0.6982142857142861,0.0,0.27509293680297403,0.17777777777777778,0.0,5.0
0.24782223340070314,0.5830283933626897,-7.329285775167944e-11,0.5460235666239307,0.5843058023207851,2.101256468920823e-19,0.29151705286508833,0.5158986997213332,0.0,5.0
0.23227310423251288,0.569925727707981,9.435604001062475e-11,0.5691019821381874,0.6044514722097953,-4.726396598879757e-19,0.2914313827793425,0.499671242451523,0.0,5.0
0.2152503018637059,0.7149640014869203,1.394585181772796e-10,0.5908007365475128,0.6127559239395644,-0.002079070242167879,0.2712169423543878,0.19188453854232604,0.00026231381626213787,5.0
0.20387272179583213,0.6707674926875152,-1.5389491098005178e-11,0.6326850792107102,0.6573584845020624,-0.0094891936772114,0.2742529133656902,0.17371934887694188,-0.018179752667899556,5.0
0.17251975417032386,0.6646616541353385,0.0,0.6105919003115264,0.6589285714285715,0.0,0.270446096654275,0.2,0.0,5.0
0.23836698858646346,0.6120300751879699,0.0,0.5295950155763239,0.5892857142857135,0.0,0.2648698884758364,0.5428571428571428,0.0,5.0
0.2137840210711204,0.6195488721804511,0.0,0.6510903426791277,0.6196428571428569,0.0,0.3094795539033457,0.2031746031746032,0.1764705882352941,5.0
0.21645202245822226,0.6131365249874359,1.7578490722054577e-10,0.666535237197496,0.629474752148693,-0.0008827730982357207,0.30689874601338774,0.19191268471849882,-0.015177374968837226,5.0
0.2233116911666609,0.4975534065800921,-3.8290042583593645e-12,0.7686039007249219,0.6571903461760202,0.009729286676828654,0.3427303612277266,0.14811181193646702,0.17764355866346104,5.0
0.23926728042598386,0.6344941267510766,-2.896773602382734e-10,0.48689001221608263,0.5944859324160988,-2.0084770019482143e-18,0.2695480123129133,0.513972368197729,0.0,5.0
0.2493415276558295,0.5759398496240601,0.0,0.5264797507788161,0.6214285714285719,0.0,0.287174721189591,0.4984126984126984,0.13725490196078433,5.0
0.2686567164179081,0.5969924812030074,0.0,0.6386292834890964,0.6196428571428569,0.0,0.3271375464684013,0.20952380952380956,0.0,5.0
0.2211477528557251,0.5188972848848452,1.0052510593286583e-11,0.7751857693684506,0.6553815054567691,0.009579334066424158,0.33565607955334975,0.1291983820540162,0.19297088694050815,5.0
0.22560077366309966,0.534904508688856,2.5234638956419707e-11,0.7575103430773363,0.6647986934597401,0.004372689656928796,0.32321306889285445,0.134740166750695,0.17255722238835766,5.0
0.25021949078139016,0.6300751879699247,0.0,0.5295950155763239,0.5803571428571441,0.0,0.2760223048327137,0.5047619047619047,0.0,5.0
0.4969271290605803,0.6210526315789471,0.5527638190954773,0.5514018691588785,0.08035714285714413,0.12238325281803546,0.40241635687732336,0.0,0.0,5.0
0.007023705004385761,0.44511278195488696,0.8040201005025125,0.4735202492211837,0.5357142857142865,0.2834138486312399,0.0,0.3777777777777777,0.0,5.0
0.25371358914872283,0.534456054166716,3.799181179192461e-11,0.7273059944790721,0.5623062798690083,0.012783480349651799,0.3680244205729243,0.20086007129696298,0.07496893868407528,5.0
0.22125447034880838,0.6587085701923131,4.742136613601829e-11,0.6982176789430354,0.6170559546358448,-0.0006177852368109372,0.299508103443874,0.13424159433456107,0.03349833755469131,5.0
0.21749671136117812,0.6299889110818038,0.0,0.70358874361128,0.5703915340364023,0.008554465774368402,0.31937153457431755,0.18577051008654732,0.0,5.0
0.23046532045653126,0.5473684210526315,0.0,0.7632398753894081,0.5428571428571427,0.0,0.37360594795539015,0.17142857142857146,0.0,5.0
0.1624654317709041,0.6860904274802957,-3.8933584734597213e-10,0.6389124182850664,0.6648856413971252,0.006992555235622982,0.2570011644137392,0.16964369249360867,0.007218889271585281,5.0
0.22300263388936514,0.5127819548872181,0.0,0.8068535825545171,0.5,0.012882447665056359,0.3485130111524163,0.3365079365079365,0.0,5.0
0.2139120821345135,0.6205515724250426,0.0,0.6527781042863109,0.6179312164909566,0.00033554532138351054,0.30975067202826284,0.201719295180717,0.1691162243089708,5.0
0.2618794089056976,0.27944534433233265,0.8777247777969397,0.36412653903666664,0.4500316966041271,0.10820562582639716,0.3124762347367822,0.0,0.0,2.0
0.2895366380740694,0.41393463781045636,0.885000809278914,0.3621820088808486,0.4219398503454469,0.07367371498123239,0.3110902464383015,0.0,0.0,2.0
0.24217988606455293,0.2456133469862361,0.9235067983641483,0.305490181554981,0.5514133446200723,0.07042640713125053,0.28968726843453096,0.0,0.0,2.0
0.24498097244554645,0.3913191588264078,0.9005204178888779,0.2871742664475624,0.5278676413122125,0.06446940905069176,0.27914257918921576,0.0,0.0,2.0
0.21487423090377958,0.373999297560461,0.8572188853302893,0.3121047366559045,0.5341767859500169,0.10606351918921973,0.279168087912732,0.0,0.0,2.0
0.2989464442493386,0.41654135338345855,0.8442211055276381,0.4174454828660436,0.3803571428571431,0.09178743961352656,0.31412639405204457,0.0,0.1764705882352941,2.0
0.2330992098331848,0.3473684210526313,0.8542713567839195,0.3021806853582555,0.571428571428573,0.08373590982286634,0.2927509293680297,0.0,0.0,2.0
0.26326769362238805,0.3913213862974926,0.8782563626164972,0.3672080094890744,0.46789952860746764,0.090748713110853,0.29194533563946967,0.0,0.1891186109443193,2.0
0.19367868543784372,0.29208325813065006,0.9008790381080327,0.2838126591868046,0.5686193616227885,0.08968469864261289,0.2803000394312608,0.0,0.0,2.0
0.23732262976711854,0.3259785093400855,0.860951741852843,0.2966839731255282,0.5541827013341603,0.08213507176595398,0.28221665962744824,0.0,0.0,2.0
0.2925383293579238,0.43237026172242204,0.9075463338793295,0.322043250166243,0.461885880199064,0.04521011073533452,0.30623454778315046,0.0,0.0,2.0
0.40801763819662273,0.5745398767894652,0.9605787118383631,0.0819849791962827,0.3493884499753842,0.0024765451492210814,0.35397806928573466,0.0,0.0,2.0
0.21060034805572833,0.37228504204189194,0.9100291083700882,0.23090665954752443,0.5935868524005242,0.05979922058255391,0.27851127465772263,0.0,0.0,2.0
0.3655398572535942,0.43407059039297813,0.8777097268986563,0.24078343292932045,0.4141701226127348,0.06396949823676101,0.33014001786070246,0.0,0.6036830480306041,2.0
0.3116913605455233,0.38638760170203273,0.8547006102653358,0.39664286674693106,0.408725187040947,0.09616067046895933,0.32604503192751827,0.0,0.0,2.0
0.2600523414823889,0.4929183372774908,0.8981468395516122,0.28350702278048256,0.4457917520301987,0.06332836337355505,0.29360361296128,0.0,0.0,2.0
0.292144125532341,0.4361967856162605,0.9207539530570906,0.11945472347647218,0.5656134340285274,0.01336670143315022,0.32207148477232383,0.0,0.0,2.0
0.2691042212669251,0.36850719569708296,0.8887930341237723,0.3195854043596869,0.4817256496121355,0.07294642145296046,0.2931017329630148,0.0,0.0,2.0
0.46108843654972465,0.531197114633019,0.9712252480868708,0.16224930553578149,0.29151085934099485,0.0,0.38445343094057294,0.0,0.0,2.0
0.23108123720920265,0.39950456182648936,0.8611974066060005,0.288434249824635,0.558783584873175,0.059605404449173734,0.26646667934267637,0.0,0.0,2.0
0.23178226514485797,0.21503759398496225,0.8844221105527638,0.3302180685358256,0.5500000000000007,0.09178743961352656,0.28810408921933073,0.0,0.0,2.0
0.2414398595258973,0.3624060150375941,0.8668341708542713,0.4579439252336448,0.4767857142857146,0.0966183574879227,0.2741635687732342,0.0,0.33333333333333337,2.0
0.4442493415276516,0.5398496240601505,0.9798994974874372,0.16822429906542055,0.3017857142857139,0.0,0.3773234200743494,0.0,0.0,2.0
0.22340203419013002,0.3579464660473725,0.8664017136328466,0.3348861632682451,0.5467987792195269,0.08738827185962136,0.27959367633083765,0.0,0.0,2.0
0.264309479423672,0.4421632575728424,0.8906906191036276,0.26764451448135995,0.5228845805404994,0.03873226133192755,0.28120382415111633,0.0,0.0,2.0
0.2668243570136807,0.3840153970168323,0.8722711690134233,0.36827355919556687,0.45375735627493524,0.0901301020704068,0.302737816558033,0.0,0.0,2.0
0.2985679277807382,0.3030248635458212,0.8982419022093286,0.3443488635499628,0.4701208950093485,0.0882738634163126,0.33435253928528585,0.0,0.0,2.0
0.24151375823871624,0.33759220586018746,0.8970098456220794,0.3170107923395865,0.5224927549555947,0.08501995301150822,0.29079855473979177,0.0,0.0,2.0
0.24503004848081755,0.3930009377987068,0.9014372511676211,0.3071444925160834,0.5247830519493604,0.06037767348482267,0.2751695494986265,0.0,0.0,2.0
0.4416154521509981,0.496240601503759,0.944723618090452,0.09034267912772584,0.35357142857142954,0.0177133655394525,0.39219330855018586,0.0,0.0,2.0
0.25586984514487576,0.46888373148997625,0.8157204513798887,0.2823814628924781,0.5155221980330594,0.08505656701677604,0.3151923278271181,0.0,0.0,2.0
0.207332818184863,0.37683553910757606,0.8792313103642079,0.30384702941290875,0.5332581024667026,0.09527715014888927,0.2739399053958049,0.0,0.0,2.0
0.2370500438981509,0.4030075187969926,0.8517587939698492,0.30841121495327106,0.5053571428571431,0.08373590982286634,0.2992565055762082,0.0,0.0,2.0
0.3156279882274144,0.31847428187911436,0.8348008743097302,0.4182539015749716,0.4018320195350334,0.10031160040849205,0.3374823177764614,0.0,0.0,2.0
0.2870939420544261,0.4390977443609021,0.9195979899497488,0.25545171339563866,0.5285714285714285,0.0177133655394525,0.2946096654275092,0.0,0.0,2.0
0.2901668129938457,0.42105263157894735,0.8567839195979899,0.38317757009345793,0.3982142857142872,0.0933977455716586,0.3122676579925649,0.0,0.0,2.0
0.29122213439350164,0.36061243647795704,0.8544308997140556,0.336611466502402,0.4673772354804536,0.08429252145284964,0.3254409136812402,0.0,0.0,2.0
0.2426808421049506,0.2587156804456808,0.8966858042461833,0.3244737864791964,0.502538684298677,0.10451807525586754,0.29745971259244375,0.0,0.0,2.0
0.21735073825555845,0.26241049267280026,0.9102420978541316,0.29791578307545125,0.5916392625766944,0.07207509315325661,0.2819989353495692,0.0,0.0,2.0
0.23237748305876124,0.30401288564234835,0.9020158068088793,0.30805957647290283,0.5119762937638267,0.1044902731976888,0.29274814990021353,0.0,0.0,2.0
0.3595258999121995,0.43759398496240604,0.8894472361809045,0.14330218068535824,0.507142857142858,0.025764895330112718,0.3215613382899628,0.047619047619047616,0.4705882352941176,2.0
0.2436347673397705,0.3774436090225564,0.8969849246231154,0.33956386292834884,0.5160714285714292,0.09017713365539452,0.27973977695167274,0.0,0.19607843137254904,2.0
0.20549248610791016,0.32294696982068577,0.8823895557501782,0.2924515804084691,0.543409905829118,0.09292829936639979,0.27569079942327646,0.0,0.0,2.0
0.2589869400726528,0.3709612066582175,0.8847580716201439,0.2993809634251253,0.48780906059865553,0.08647344855064916,0.3085758590328997,0.0,0.0,2.0
0.4811237928007017,0.5203007518796992,0.9497487437185927,0.1931464174454829,0.2767857142857135,0.037037037037037035,0.3447955390334573,0.0,0.7254901960784313,2.0
0.24786438426094676,0.354981757664636,0.8717075056248373,0.43102810119071655,0.49977108253636804,0.09491472354968353,0.2741635687732342,0.0,0.33333333333333337,2.0
0.24605274329003923,0.42907109362235785,0.9005024612905418,0.2764258028122899,0.5325873113813344,0.04576310425147676,0.2636689721248942,0.0,0.0,2.0
0.35429514006395,0.5167826761485482,0.8252654841246613,0.3899629620161618,0.3601963754950257,0.06872597438720252,0.3386629525648982,0.0,0.0,2.0
0.22867272026329977,0.30909841765452223,0.8851425382837148,0.3000143829575526,0.566961710158454,0.07950211064933302,0.2808166677247476,0.0,0.0,2.0
0.27690007036794756,0.2940316627394107,0.8321924697349785,0.39483583291963187,0.43015379194523345,0.1308064470577232,0.31960102234436955,0.0,0.0,2.0
0.21729587357330613,0.3909774436090223,0.8869346733668341,0.3271028037383178,0.5107142857142861,0.09017713365539452,0.26951672862453524,0.0,0.0,2.0
0.2541703248463563,0.3203007518796992,0.8994974874371858,0.31775700934579443,0.5,0.09822866344605474,0.3122676579925649,0.0,0.0,2.0
0.3424170607132006,0.4084745739827832,0.8857519734810541,0.17995550291689577,0.5211496624241956,0.04352714840427265,0.3140437453067171,0.04295011252526843,0.4609757218657487,2.0
0.3329385635096609,0.5127104761915092,0.9120134852956735,0.32312755150050054,0.4379370006574269,0.026145655772986713,0.3231455639921685,0.0,0.0,2.0
0.29456960155816203,0.3535354378078811,0.8449836851982738,0.4096800546422661,0.40209464962393393,0.10242805079165745,0.3178256535659022,0.0,0.0,2.0
0.23166193285812559,0.3034876717708227,0.8581807866686355,0.2961297118756239,0.5671289145456045,0.07582332820099608,0.27891228085307507,0.0,0.0,2.0
0.45468491663820254,0.5344874646386839,0.9745238653036051,0.16452145792806303,0.29541814997272203,0.0,0.38174205206353806,0.0,0.0,2.0
0.21729587357330613,0.4045112781954887,0.8542713567839195,0.28971962616822433,0.5142857142857142,0.09500805152979064,0.2685873605947955,0.0,0.0,2.0
0.27560494991315254,0.420431984295018,0.8671178501794103,0.3341826757035301,0.44681686681770716,0.06835846692604765,0.29799058715261456,0.0,0.0,2.0
0.2679103622710903,0.39135104235199675,0.8680982533672064,0.3885309723438939,0.41295310951456876,0.10226649225105618,0.29261879179414246,0.0,0.0,2.0
0.21064491546690778,0.2418479274094591,0.8409519163488215,0.336418474720811,0.5669660719731653,0.11083265087333677,0.2926683800901664,0.0,0.0,2.0
0.2914837576821725,0.43759398496240604,0.9170854271356784,0.1121495327102804,0.5696428571428579,0.00966183574879227,0.3252788104089218,0.0,0.0,2.0
0.4473871471687385,0.5001089013159097,0.9468780731784588,0.0854453767521838,0.3530610279017706,0.0177133655394525,0.39113076440517136,0.0,0.0,2.0
0.2931140615876923,0.5402206964822739,0.8580308980299697,0.33258739566942624,0.44123367403229824,0.04802252539164464,0.30240902238236567,0.0,0.0,2.0
0.2633637018069587,0.3631106750246597,0.8902923490118005,0.3087363960055546,0.5067308588325496,0.07700774409074095,0.3017779136778195,0.0,0.0,2.0
0.24184330253219938,0.3353404602882589,0.923071901906704,0.27551190669226544,0.5547418840962247,0.06673101034105652,0.2954213925025909,0.0,0.0,2.0
0.28327658450510873,0.33831898035060937,0.8731038753372462,0.370472851149846,0.4379317582709344,0.08754003731866,0.31459057460155404,0.0,0.0,2.0
0.4679954139970964,0.44579598382709484,0.9614945511382416,0.16120280982796084,0.35108973402500077,0.011795762716553746,0.40507820548255163,0.0,0.0,2.0
0.3095822908459367,0.39933651648705837,0.8408391319727737,0.3985759668636697,0.40439331205064255,0.0907036831925636,0.3253849714437955,0.0,0.057703634573293534,2.0
0.22811568913104688,0.2625726441627131,0.8764261351851166,0.3245029983084943,0.5578570034926793,0.08723195250837942,0.2846108406321318,0.0,0.0,2.0
0.28009687904293246,0.3696012803356199,0.80330199752637,0.4260058261352948,0.40593043202363377,0.124701512025146,0.3215147829889629,0.0,0.0,2.0
0.3229819498500992,0.43130235394550215,0.8801748219239159,0.33061998710298524,0.456466953877952,0.05815915887343098,0.3386771631982025,0.0,0.0,2.0
0.4683057198906082,0.514128926747217,0.9546865463039356,0.0676958983807732,0.35121116343513914,0.0177133655394525,0.3872797454411816,0.0,0.0,2.0
0.4436842507305759,0.5304934766325029,0.972352648366713,0.15151509818620265,0.31289613935604554,0.003800334190307143,0.3805136972385004,0.0,0.0,2.0
0.34059547181238675,0.29451038826144255,0.6074194950520173,0.29253971257986744,0.627604539161563,0.0760222457430677,0.37856729551592294,0.02268955095274339,0.573172765566617,3.0
0.4635645302897302,0.12481203007518805,0.4723618090452261,0.3956386292834891,0.5446428571428577,0.07568438003220611,0.5557620817843865,0.0,0.0,3.0
0.4315761636383067,0.40002206284703395,0.0,0.3552773064792296,0.4348083287560015,0.052867774612646926,0.6529768484161682,0.0,0.0,3.0
0.4140189361184002,0.38621803332831744,0.01651214968807908,0.35261872853152176,0.47625482985105594,0.04672635965856099,0.6342983052880976,0.0,0.10933535123229547,3.0
0.26117909005560846,0.32941995688808323,0.0,0.464128704336524,0.6928407889119581,0.1441808074706793,0.4657737921794405,0.0,0.0,3.0
0.08823529411765207,0.3443609022556389,0.0,0.8566978193146417,0.11964285714285695,1.0,0.14219330855018586,0.0,0.0,3.0
0.40345345516348624,0.39548064076988815,0.0,0.36624000565530374,0.461107007023685,0.057250070916753236,0.6370704529581886,0.0,0.0,3.0
0.13047825871398294,0.5065309661126596,-1.4728106276402585e-10,0.7163855774410547,0.5656807229604083,0.1516423963923235,0.298456523919484,0.2031642208397482,0.009139874492519458,3.0
0.23445284153687984,0.4497957962574849,0.7438095810766694,0.740625988830887,0.18496071389111826,0.19391851153872994,0.16406582375487913,0.40173319292577336,0.0,3.0
0.42467420303712033,0.1554916243984658,0.5185430083412099,0.40422746915255525,0.5561304304677332,0.08337975926432914,0.5067370476693023,0.0,0.0,3.0
0.08988447682623626,0.3421011499487659,0.0,0.8520164009842035,0.14916087165138844,1.0,0.14009841735492,0.0,0.0,3.0
0.3890905747630148,0.31922711331804715,0.5785594991418226,0.5278870966962513,0.44203610853212877,0.11311793065046233,0.35905093758588935,0.05151350165402204,0.7588384453502585,3.0
0.4139596136962069,0.3187969924812029,0.4045226130653266,0.5856697819314641,0.4232142857142875,0.12238325281803546,0.3968401486988846,0.07619047619047617,1.0,3.0
0.18106198721405325,0.46339292865881765,0.7097852524605297,0.9258179347966871,0.09963828534786458,0.24302280274806787,0.0745690763924043,0.5778988395523819,0.0,3.0
0.3394773169475779,0.36209197894860556,0.0,0.4649693669169698,0.6239003000840627,0.10162372648202583,0.51296545675253,0.0,0.0,3.0
0.11696566878770868,0.4625640620148301,2.0608519354052305e-10,0.7824318181801337,0.4273078325704872,0.4612291567382643,0.23056324178054405,0.0990085946329992,0.022854917032803644,3.0
0.42287131844429515,0.3248024247748929,0.29749112293993035,0.517243399955853,0.49512308177258535,0.08862082850991113,0.4453994081956863,0.0508342065060073,0.8499132566470776,3.0
0.17515364354696314,0.4932330827067668,0.6733668341708543,1.0,0.014285714285714237,0.2705314009661836,0.040892193308550207,0.6984126984126985,0.0,3.0
0.0889295174630041,0.3434096596807691,0.0,0.8547271765972322,0.13206846327709484,1.0,0.14131146424866847,0.0,0.0,3.0
0.45006167326786445,0.06819721141955572,0.4002036309160221,0.39990852959334794,0.6431967716091023,0.09218381497631949,0.5733680697033483,0.0,0.0,3.0
0.4547848990342374,0.04511278195488711,0.4296482412060301,0.3956386292834891,0.6482142857142854,0.0933977455716586,0.5752788104089217,0.0,0.0,3.0
0.39074853404492327,0.23881200784270648,0.4674777744352918,0.45619457242223804,0.5249729891840387,0.08924852124090174,0.47627396460114396,0.0,0.0,3.0
0.24187884108867766,0.3203007518796992,0.0,0.4797507788161993,0.7267857142857146,0.15619967793880835,0.4405204460966542,0.0,0.0,3.0
0.5321559488754959,0.34790943486913267,0.09959855731664988,0.4005554376015104,0.45445454456658096,0.05662284053842806,0.6166350018666542,0.0,0.0,3.0
0.44662135577426604,0.08501151809158748,0.3787566764650834,0.40301865251749713,0.6395420994836802,0.09129960853145873,0.5719763185992797,0.0,0.0,3.0
0.3702986940915367,0.2708280677781859,0.4661061290379787,0.47320126613347196,0.5194488506374788,0.0930579110882973,0.4539503082835354,0.0,0.0,3.0
0.5235449723668925,0.31990175473333027,0.14639530930234995,0.3999381807813901,0.46577679823850127,0.05901582893527109,0.6089930067651375,0.0,0.0,3.0
0.43370124919887376,0.3275102092255805,0.0,0.41637227321086145,0.6120641464808774,0.05795560115116613,0.5890148063265075,0.0,0.0,3.0
0.21250083534460257,0.47643351199369494,0.47903859544310773,0.5422086787354456,0.5068846651464163,0.038046817779709335,0.2645181631951681,0.30556119866086034,0.0,3.0
0.18434869794201253,0.44679336032638606,0.7300441969012033,0.8845517181945673,0.14711846368133602,0.22772023912466052,0.09330295159544352,0.5108590370117402,0.0,3.0
0.4936943298518627,0.3709466292927506,0.04290474821825003,0.39058504403511335,0.5384687502992977,0.035697764796447234,0.5862515289592833,0.0,0.2840941854689117,3.0
0.35118525021948704,0.3007518796992481,0.464824120603015,0.4890965732087227,0.5142857142857142,0.0966183574879227,0.433085501858736,0.0,0.0,3.0
0.4558554702538451,0.05483115380661899,0.4348566508857414,0.3956386292834891,0.6355849864447001,0.091237812107817,0.5728989783455593,0.0,0.0,3.0
0.09341475316492637,0.3644438961444091,-1.8191582602660342e-11,0.839475511225609,0.1740515023869424,0.8952141766701482,0.16154289014749365,0.02509405239173861,0.0011289216596366658,3.0
0.4073748902546015,0.3984962406015038,0.0,0.3457943925233644,0.43571428571428505,0.05314009661835749,0.6570631970260221,0.0,0.0,3.0
0.3553924673536617,0.29416510365423537,0.4651063140104324,0.48559772659962175,0.5154222146396347,0.09583463838433826,0.43767822579060794,0.0,0.0,3.0
0.3954977656759618,0.1914077689838516,0.44977839682588905,0.44912195329352833,0.5715707722891847,0.09524081019937977,0.49390562292115675,0.0,0.0,3.0
0.5504828797190413,0.40751879699248095,0.0,0.4018691588785047,0.430357142857142,0.051529790660225436,0.6328996282527879,0.0,0.0,3.0
0.3748902546092978,0.28721804511278193,0.0,0.4236760124610591,0.7035714285714292,0.061191626409017714,0.5669144981412637,0.0,0.0,3.0
0.3049248465262842,0.3046198982182616,0.0,0.4531719317010183,0.7157823879948764,0.11116686477774076,0.5004298920725083,0.0,0.0,3.0
0.4353769169040795,0.33322971528386314,0.14729619661590548,0.4212221693123687,0.5960311071898889,0.04124276411467409,0.5135415446260637,0.015252313245910936,0.6392998443354778,3.0
0.3863577332692474,0.3823339598054577,0.0,0.45537383241499246,0.5718080365082641,0.07516774033248239,0.5499109349386851,0.0,0.0,3.0
0.10200937002949728,0.39776892804292996,-4.837807142379289e-11,0.810897403319392,0.2643353439474543,0.7213361720100607,0.19365092282054464,0.06673426306199413,0.003002215578197276,3.0
0.39937083690438785,0.39471439283758614,0.0,0.3522730611555969,0.4497916685566564,0.0581244717215513,0.6465903202427039,0.0,0.0,3.0
0.3357612394612445,0.3003229560272492,0.7054799845686518,0.41918763566300604,0.5219349180151018,0.10754601339547586,0.33918175379043614,0.029389583840459702,0.5543591500494754,3.0
0.39597630167236303,0.3786678922536164,0.09429387535751246,0.3748645663053858,0.4516532272708562,0.06196006427812011,0.6116272483846985,0.0,0.0,3.0
0.4436652948559301,0.40078424858199624,0.0,0.3600142552058645,0.4343557809758676,0.0527317430737983,0.6509356167932595,0.0,0.0,3.0
0.0903938399487894,0.3414032075769266,0.0,0.8505705079085863,0.15827774388353927,1.0,0.13945139364124928,0.0,0.0,3.0
0.3612090762252701,0.29062083890862794,0.0,0.42944370457891196,0.7059591844452189,0.07096388629629764,0.5539139628719026,0.0,0.0,3.0
0.33299989385080664,0.3457844824435436,0.6516773636063036,0.4393409249014221,0.4652658498401004,0.09340346958400894,0.3820611076402536,0.0,0.0,3.0
0.09043020193151108,0.34135338345864663,0.0,0.8504672897196262,0.15892857142857153,1.0,0.1394052044609665,0.0,0.0,3.0
0.3858647936786639,0.38195488721804494,0.0,0.4579439252336448,0.5750000000000011,0.07568438003220611,0.5473977695167285,0.0,0.0,3.0
0.08894529239604877,0.34338804446424226,0.0,0.8546823974103462,0.13235081204297722,1.0,0.14129142597870048,0.0,0.0,3.0
0.3995260334850389,0.37072349920760816,0.020642613893554144,0.4385543275520755,0.5910047279148732,0.0620535865316169,0.5462408808818244,0.0,0.13668525800936865,3.0
0.43381188138356297,0.09686511288008226,0.43676934970312686,0.414558530363893,0.6211013917553138,0.09404973572161134,0.5464927787558276,0.0,0.0,3.0
0.3231206914742111,0.2766027326965821,0.8162535294888923,0.3396758761785794,0.5599184045464918,0.09910196639011519,0.3387243785252897,0.0,0.0,3.0
0.40758998953926967,0.39744855142121405,0.0018082459180493642,0.3459852010009633,0.4361312746428413,0.05322639827881737,0.6566754067249819,0.0,0.0,3.0
0.4438416233360953,0.14612840770682686,0.5206554505580098,0.38777962897656065,0.5467880434511261,0.07897297482362614,0.5252828919323302,0.0,0.0,3.0
0.541394178194723,0.3779572896665053,0.0493929707833512,0.40121765750739796,0.44230753943572804,0.054055538729371,0.6248336658780685,0.0,0.0,3.0
0.19587482477210422,0.3275048523596411,0.0,0.5926164223361619,0.5449947412371795,0.40885072999603134,0.35119520742618454,0.0,0.0,3.0
0.42834163683433396,0.12524397222103217,0.2874447033129205,0.40491834859509057,0.6665362077122513,0.0827382719662763,0.5725104183094569,0.0,0.0,3.0
0.4952643538920044,0.37195773421835565,0.04171856744243465,0.39089701417024236,0.5354798058184201,0.036135470306949156,0.5875412015691495,0.0,0.27623987853742826,3.0
0.41526121480621936,0.3577870505881875,0.0444190263686954,0.41622115431242146,0.6094391671975474,0.04635347363386589,0.5449083625528413,0.0,0.2941209921882006,3.0
0.4407374890254657,0.33684210526315783,0.0829145728643216,0.3800623052959502,0.6392857142857142,0.020933977455716585,0.5427509293680295,0.0,0.5490196078431373,3.0
0.385181098294026,0.38800986091030454,0.0,0.36375856861190037,0.4747483216561651,0.06696086707721541,0.6280238043098929,0.0,0.0,3.0
0.4312758119803122,0.28208145507764415,0.2009246298276125,0.36699622262116777,0.48204832981529977,0.06272957170486396,0.6139735807799696,0.0,0.0,3.0
0.12545182065781602,0.5048647955732315,2.7661818650183036e-10,0.7608374106145392,0.5084997005730342,0.27683395860354076,0.2625188651142806,0.13289444731549724,0.030677049591244943,3.0
0.31964420362658474,0.45212838379839915,0.03678116764030301,0.5873536595012105,0.6470034002876442,0.01320154652427552,0.42290877454153375,0.0727404728615898,0.34158409854644234,3.0
0.4185329392352584,0.1156051266406933,0.5059322018383059,0.3858020383224574,0.6256603878679203,0.09417999397955931,0.5113965232575778,0.010795028029029614,0.0,3.0
0.18007032882121773,0.48033412073697324,-1.1537170577245088e-11,0.7858281726953109,0.48293701370010433,0.3238453061261588,0.2682827025614328,0.08902342977971725,0.11998290124585886,3.0
0.39322672326046026,0.2316529243198992,0.09860775478265016,0.4172412057052804,0.6908665154708824,0.06858319187190906,0.56883417562138,0.0,0.0,3.0
0.3126612014414905,0.21793534625873082,0.6356547924938803,0.4283850976166484,0.61943247908289,0.1103246639854173,0.3746853884037917,0.0,0.0,3.0
0.21211090457202572,0.2095261922973829,0.0,0.3744931010719489,0.8268530066456422,0.5280968664227232,0.29459210855415147,0.0,0.0,3.0
0.3941426942580994,0.3883206270590625,0.0,0.4147845336182501,0.5213975770205236,0.06700848515299768,0.5896011832819061,0.0,0.0,3.0
0.10224162246673574,0.36509901762608277,-1.7596051424806363e-12,0.8458890517921166,0.1750510927957221,0.8968754714609646,0.1614239808046162,0.01357751311665699,0.01829933332686953,3.0
0.11491085576847623,0.3998807060231939,0.0,0.8197028231928113,0.240186188111004,0.8079238876844349,0.1735972886775719,0.03257988602680991,0.0,3.0
0.3547324978104591,0.47741937267362583,0.6085234812705089,0.361235166660699,0.4711787634521257,0.0,0.3935789967097735,0.0,0.0,4.0
0.36098452176099866,0.44770139050112095,0.5988341822365547,0.3049477650196055,0.5338693044087826,0.0,0.4012422208259818,0.0,0.0,4.0
0.32160049920361106,0.5142347621954874,0.5536387146459871,0.4506059604990479,0.4877755101407501,0.0,0.35875202285334074,0.0,0.0,4.0
0.1570863415380226,0.6704533022197566,-2.2750139694084174e-10,0.593111425783938,0.7053704080260631,0.007432948155403893,0.26525133864480555,0.14857555743803863,0.052675919317168106,4.0
0.3560678059088051,0.46023805457207384,0.5907783366384848,0.2575484375403818,0.5606301989957292,0.0,0.4002156372254544,0.0,0.0,4.0
0.33908121781424627,0.5029373210823993,0.5843227266774952,0.3530501207858183,0.4950954071882613,0.0,0.3806998126588426,0.0,0.0,4.0
0.37762864521103395,0.4477477382060845,0.6360385534612386,0.21269100213933728,0.5207027279172233,0.0,0.4227325744454138,0.0,0.0,4.0
0.3516242317822673,0.5142857142857142,0.0,0.5607476635514018,0.5232142857142854,0.0,0.5065055762081785,0.0,0.0,4.0
0.3765348540091388,0.4375689441306858,0.6256703833619182,0.21342876322161086,0.5434384933408821,0.0,0.4210525703375638,0.0,0.0,4.0
0.3235294117647101,0.5052631578947366,0.5502512562814069,0.4267912772585669,0.5107142857142861,0.0,0.3615241635687732,0.0,0.0,4.0
0.31583934167965577,0.5683075590251616,0.528729453600411,0.4178036984083223,0.460919619980484,0.0,0.36190629771111615,0.0,0.0,4.0
0.3273659598039015,0.5079282605757401,0.5587584020980154,0.38154938891295714,0.5175412716980732,0.0,0.36810650381551435,0.0,0.0,4.0
0.3128563150983707,0.5812386697736731,0.5760209994252903,0.4122478847436607,0.4254434530294515,0.0,0.35671713620394097,0.0,0.0,4.0
0.34213346242570963,0.48373491275808794,0.5722796580611442,0.27966677743679325,0.5624540131145629,0.0,0.3869876312371083,0.0,0.0,4.0
0.34989976589388544,0.48843294580522223,0.602601919898789,0.34978342641740406,0.4783108594736932,0.0,0.39033395027272344,0.0,0.0,4.0
0.33666592912753185,0.5326482709330204,0.6002868799607193,0.36088982586229534,0.446083497389058,0.0,0.3796598782153224,0.0,0.0,4.0
0.3646172188536116,0.45914293705799536,0.610176509274497,0.22334141219857714,0.5478229082027477,0.0,0.41037884335048835,0.0,0.0,4.0
0.08457221323859335,0.5467884880460664,0.44983498103215114,0.3883992358135441,0.8391735954656447,0.0028918992146091983,0.20148224258229253,0.0,0.0,4.0
0.31343283582089043,0.5609022556390979,0.5628140703517588,0.41433021806853576,0.4589285714285705,0.0,0.3559479553903345,0.0,0.0,4.0
0.37109701757362595,0.4304473120277715,0.6115890008761203,0.28269714417652914,0.5367189647568851,0.0,0.41121126662827556,0.0,0.0,4.0
0.3026943539754141,0.5453362148351022,0.5302427502747362,0.5076438419681566,0.4750871921928669,0.0,0.33909764918993957,0.0,0.0,4.0
0.354675309690147,0.4565030176645061,0.5899243733421315,0.324651616880385,0.5321076144081135,0.0,0.3945499349091803,0.0,0.0,4.0
0.34420556775582634,0.42133419492783963,0.0,0.5022515751679995,0.5847077367622515,0.062066153763756016,0.5104509141035777,0.0,0.0,4.0
0.35673984545308307,0.469092498274144,0.6034283112019124,0.30899515042174786,0.5100554139824784,0.0,0.39821030432143817,0.0,0.0,4.0
0.3616562705455693,0.5408702612119538,0.0,0.3552279669470218,0.58019275062022,0.0,0.5201304879409347,0.0,0.0,4.0
0.34679543459174056,0.4917293233082707,0.6005025125628141,0.3956386292834891,0.4571428571428573,0.0,0.3847583643122676,0.0,0.0,4.0
0.3748902546092978,0.5759398496240601,0.0,0.08411214953271029,0.6553571428571434,0.0,0.5381040892193307,0.0,0.0,4.0
0.33471432021842606,0.5173758487514748,0.5939674506383456,0.48167305306627345,0.4080499187382525,0.0,0.3694892080512175,0.0,0.0,4.0
0.36084194375982825,0.4600759911201836,0.6043734125000091,0.2673417393510323,0.5349234287314998,0.0,0.40414142907979644,0.0,0.0,4.0
0.0,1.0,0.0,0.015576323987538956,1.0,0.0,0.11338289962825275,0.0,0.0,4.0
0.3243084766634697,0.5375553923831853,0.5725622063383262,0.38505447295802664,0.4740321328921221,0.0,0.36671774603923635,0.0,0.0,4.0
0.367717059623029,0.44900103983132206,0.6169468656989137,0.2928425522675934,0.5107285086605462,0.0,0.40846046920315776,0.0,0.0,4.0
0.4265758744275605,0.415539848947092,0.0,0.3313577075553403,0.45426303759781334,0.048204284734474634,0.6428438713102239,0.0,0.0,4.0
0.36962296520012344,0.5619817194995518,0.0,0.19201959953788422,0.625440784693944,0.0,0.530950373512668,0.0,0.0,4.0
0.3538963770628963,0.4837937893518824,0.6042456611581776,0.28161708608743335,0.5118896243942748,0.0,0.398050173535022,0.0,0.0,4.0
0.3635541220245931,0.4543061111662897,0.6048134403585187,0.2359348633456472,0.5533883977285153,0.0,0.4083117523662691,0.0,0.0,4.0
0.35500787546143747,0.48258236095936774,0.6062315901575308,0.2801311535095035,0.5103615482488115,0.0,0.39912697871161035,0.0,0.0,4.0
0.3554814425649685,0.462409153842862,0.5942917143537673,0.29914132195117527,0.5335906235589067,0.0,0.3972291692654621,0.0,0.0,4.0
0.29351321522350493,0.5765728590276034,0.5221938161404366,0.4339189932633938,0.5016768215126926,0.0,0.3367296471978521,0.0,0.0,4.0
0.0676563181798434,0.8580658507809215,-9.798373777813676e-11,0.2643178646243334,0.8731044772918006,0.0032013343775949025,0.17879189273980864,0.06399076513818004,0.02268726053993342,4.0
0.39406352186816423,0.497858535230036,0.07969917110163177,0.3944949833430028,0.4533316708835946,0.03136802986627374,0.5582623590052396,0.0,0.0,4.0
0.36134561224877926,0.478965677327473,0.6259878854721338,0.3431072997817539,0.451783342131227,0.0,0.40106830521772924,0.0,0.0,4.0
0.3532552535656555,0.4725990210779101,0.5995411811454547,0.3439767680571119,0.49676892268501666,0.0,0.3929538777119931,0.0,0.0,4.0
0.3679183749542216,0.4486544838367563,0.6141150779446417,0.25577402153092305,0.5332684221321717,0.0,0.4109096363438499,0.0,0.0,4.0
0.08994539193786713,0.5498056425385787,0.4428172802305238,0.3896229357806613,0.8330055356615065,0.0,0.2070885466297712,0.0,0.0,4.0
0.33987239038370587,0.5103452931520173,0.5972749597769894,0.41688768499891193,0.4390616313323204,0.0,0.3779616194960276,0.0,0.0,4.0
0.08077260755048599,0.5518796992481203,0.4371859296482412,0.3894080996884736,0.8464285714285715,0.0,0.2007434944237918,0.0,0.0,4.0
0.35196893619892633,0.49433188411656215,0.6104190687294027,0.3248080498590049,0.47418948974137176,0.0,0.39418022523180873,0.0,0.0,4.0
0.4014259366402142,0.429110179683054,0.04677259458937584,0.3693272943724123,0.47694652970699325,0.03884772723915605,0.5981775414222136,0.0,0.0909000815237132,4.0
0.34969946540758273,0.46432443834324,0.5760145021573093,0.25075637763036596,0.5839970160701231,0.0,0.39481980163558056,0.0,0.0,4.0
0.3275629433031549,0.6043834432716692,0.3626818760194199,0.4347252029217609,0.4706192681033661,0.0,0.3909331257368404,0.0,0.0,4.0
0.3566238555929248,0.444415732329069,0.5857811726281413,0.31841624248126155,0.5498713641333368,0.0,0.3960781882311897,0.0,0.0,4.0
0.4066630740845516,0.4013162408146858,0.014565492575426867,0.3771555501664226,0.48179099325129626,0.04121767653153291,0.61923251254106,0.0,0.0964455432326542,4.0
0.3608428446005263,0.4601503759398495,0.6055276381909548,0.28037383177570097,0.5267857142857153,0.0,0.4033457249070631,0.0,0.0,4.0
0.1522353411887603,0.6806300695336943,-2.2047590162907678e-10,0.5752765016708989,0.7144688964087887,0.007203410477303565,0.2605614729091973,0.14398737953557403,0.051049228539959794,4.0
0.3536567427877357,0.4801739210787158,0.6018183755316998,0.29205549171241063,0.51310451628512,0.0,0.39696926472133537,0.0,0.0,4.0
0.3483070806349215,0.5483750540465293,0.05288986759372702,0.5313221560995041,0.5116482597240088,0.0,0.4831800405214683,0.0,0.0,4.0
0.30867927553831664,0.5633964644256337,0.5576913143785253,0.48416310289500536,0.4314181372960727,0.0,0.34728452038243374,0.0,0.0,4.0
0.28760832652985596,0.6215893562682026,0.5421438403449405,0.4674654250250363,0.4235214854134257,0.0,0.3316884433781279,0.0,0.0,4.0
0.3105922985858181,0.5695537900321673,0.5549110946153962,0.33606404793256994,0.5030408492570655,0.0,0.3585642858677748,0.0,0.0,4.0
0.0692257977483219,0.8547732869337937,-1.002567475815546e-10,0.2700881278660246,0.8701607769016535,0.003275598378839356,0.1803092392500112,0.0654752118411282,0.023213555686345665,4.0
0.3424671551140744,0.6299256161084034,0.18844805188688887,0.44755462097038734,0.4801849782401258,0.0019609975648552627,0.4290648348732326,0.0,0.004588552566171153,4.0
0.04090825956359342,0.7730440784963473,0.22141807761279256,0.20490792757523144,0.9222219010618775,0.0,0.15762772464881528,0.0,0.0,4.0
0.391976885296377,0.46798836673880007,0.0,0.2528822589943153,0.5391558675272132,0.034247241190911,0.5973061980460688,0.0,0.0,4.0
0.3093809132105533,0.5625338857432747,0.5506217297545242,0.3852149716899451,0.4907824773538352,0.0,0.3539819174046927,0.0,0.0,4.0
0.3393327480245745,0.6406015037593984,0.19597989949748745,0.4517133956386292,0.4803571428571427,0.0,0.4200743494423791,0.0,0.0,4.0
0.36664523260440357,0.4443925595665264,0.6068594200779753,0.24760688849438883,0.5514035663042391,0.0,0.409952421323956,0.0,0.0,4.0
0.3457826126371667,0.4891525710996747,0.588422157487552,0.3071109407828793,0.5204254340716735,0.0,0.3890857764727275,0.0,0.0,4.0
0.34909142787043734,0.49176629779419767,0.6024158811971959,0.3444116833320961,0.47889889804319596,0.0,0.39009077724691466,0.0,0.0,4.0
0.35672167586425063,0.44038004895216637,0.5892055849297685,0.3911679238474862,0.5121908128685825,0.0,0.3914640995798651,0.0,0.0,4.0
0.32461679848734926,0.5064979784834269,0.5520556092724646,0.40257717611121985,0.5187637102055961,0.0,0.36411788960759556,0.0,0.0,4.0
0.3527213804152741,0.47846628358389137,0.5974557339581794,0.2851321383917487,0.5243922669224722,0.0,0.3964059758153616,0.0,0.0,4.0
0.33968965333354545,0.636933697922549,0.1902892710948379,0.45487940145574357,0.48160157698035944,0.0,0.4225840353600188,0.0,0.0,4.0
0.3670382468307048,0.46778742978832444,0.6337261567799055,0.3499982579413121,0.444150261933482,0.0,0.40540122812178564,0.0,0.0,4.0
