0,1,2,3,4,5,6,7,8,9,10,11,12,13
0.13947368421052664,0.258893280632411,1.0,0.922680412371134,0.532608695652174,0.7586206896551726,0.9999999999999998,0.641509433962264,0.4605678233438486,0.4027303754266212,0.3658536585365854,0.8864468864468864,0.13338088445078458,1.0
0.5473684210526315,0.0533596837944664,0.18181818181818168,0.22680412371134015,0.08695652173913049,0.6896551724137931,0.5991561181434598,0.2452830188679245,0.5899053627760251,0.3430034129692833,0.5203252032520327,0.6996336996336998,0.15977175463623394,1.0
0.43157894736842106,0.047430830039525695,0.4705882352941176,0.38144329896907214,0.3152173913043478,0.42068965517241386,0.3375527426160337,0.320754716981132,0.3312302839116719,0.1143344709897611,0.6097560975609757,0.6923076923076923,0.12268188302425105,1.0
0.4368421052631581,0.15612648221343875,0.4812834224598929,0.5206185567010309,0.10869565217391307,0.13793103448275862,0.2362869198312236,0.8490566037735847,0.3817034700315458,0.15102389078498293,0.3902439024390244,0.2893772893772894,0.1547788873038516,1.0
0.2131578947368422,0.029644268774703556,0.6524064171122995,0.38144329896907214,0.26086956521739124,0.42068965517241386,0.3945147679324894,0.16981132075471694,0.61198738170347,0.15102389078498293,0.2520325203252033,0.6630036630036631,0.17261055634807418,1.0
0.2552631578947371,0.5316205533596838,0.3422459893048128,0.4329896907216495,0.18478260869565225,0.3517241379310345,0.2742616033755273,0.4528301886792453,0.4605678233438486,0.0,0.3658536585365854,0.6520146520146519,0.20399429386590587,1.0
0.3210526315789477,0.1956521739130435,0.4064171122994652,0.4329896907216495,0.10869565217391307,0.2310344827586207,0.3565400843881856,0.4528301886792453,0.3848580441640378,0.18088737201365188,0.4227642276422765,0.6959706959706959,0.1654778887303852,1.0
0.29736842105263195,0.17193675889328067,0.5080213903743315,0.6288659793814433,0.21739130434782614,0.27586206896551724,0.28481012658227844,0.5660377358490566,0.3627760252365931,0.0998293515358362,0.6910569105691058,0.3626373626373625,0.1547788873038516,1.0
0.2078947368421056,0.14426877470355734,0.33689839572192504,0.5257731958762888,0.17391304347826084,0.3448275862068966,0.26582278481012656,0.320754716981132,0.35331230283911674,0.057167235494880536,0.3821138211382114,0.7545787545787546,0.1547788873038516,1.0
0.4447368421052635,0.2114624505928854,0.44919786096256703,0.4226804123711341,0.17391304347826084,0.42068965517241386,0.4620253164556961,0.2452830188679245,0.42902208201892733,0.22354948805460748,0.5528455284552845,0.6849816849816851,0.3109843081312411,1.0
0.2552631578947371,0.1521739130434783,0.5668449197860962,0.5876288659793816,0.17391304347826084,0.16206896551724134,0.1919831223628692,0.6981132075471698,0.3848580441640378,0.1979522184300341,0.4634146341463415,0.5054945054945055,0.12268188302425105,1.0
0.7447368421052629,0.1521739130434783,0.7005347593582886,0.7422680412371134,0.17391304347826084,0.6793103448275863,0.5316455696202531,0.1509433962264151,0.4605678233438486,0.17918088737201365,0.7154471544715448,0.6923076923076923,0.09415121255349497,1.0
0.3684210526315792,0.15612648221343875,0.497326203208556,0.5618556701030928,0.17391304347826084,0.6068965517241379,0.5928270042194091,0.490566037735849,0.42902208201892733,0.2269624573378839,0.17073170731707316,0.5750915750915749,0.05278174037089869,1.0
0.2763157894736845,0.12845849802371542,0.6096256684491977,0.6134020618556701,0.15217391304347827,0.5448275862068966,0.4113924050632911,0.5660377358490566,0.1987381703470032,0.13822525597269622,0.3658536585365854,0.7032967032967032,0.07631954350927247,1.0
0.2763157894736845,0.2154150197628459,0.5133689839572192,0.4072164948453608,0.11956521739130445,0.213793103448276,0.24472573839662445,0.7358490566037735,0.3880126182965299,0.0955631399317406,0.4878048780487805,0.3663003663003663,0.1440798858773181,1.0
0.1631578947368424,0.18379446640316208,0.6737967914438502,0.7938144329896908,0.1956521739130436,0.32413793103448274,0.26793248945147674,0.5094339622641509,0.29337539432176657,0.11262798634812288,0.7154471544715448,0.7106227106227105,0.20256776034236804,1.0
0.33157894736842103,0.13241106719367587,0.3315508021390373,0.27835051546391754,0.16304347826086962,0.5413793103448276,0.4556962025316456,0.3018867924528301,0.42902208201892733,0.13822525597269622,0.6097560975609757,0.5384615384615385,0.10699001426533523,1.0
0.1105263157894738,0.32806324110671936,0.5668449197860962,0.4845360824742269,0.28260869565217395,0.6620689655172414,0.5168776371308016,0.3584905660377359,0.4479495268138801,0.16808873720136516,0.2601626016260163,0.7765567765567767,0.24750356633380885,1.0
0.3526315789473684,0.07707509881422925,0.4278074866310161,0.4329896907216495,0.18478260869565225,0.8689655172413793,0.5822784810126581,0.11320754716981132,0.4605678233438486,0.2704778156996587,0.6016260162601625,0.5860805860805862,0.10128388017118403,1.0
0.5315789473684216,0.616600790513834,0.5133689839572192,0.6134020618556701,0.16304347826086962,0.2310344827586207,0.2637130801687763,0.9056603773584904,0.3817034700315458,0.3003412969283276,0.2926829268292683,0.2710622710622709,0.16904422253922965,1.0
0.3526315789473684,0.03952569169960474,0.0,0.0,0.1956521739130436,0.3448275862068966,0.04852320675105483,0.28301886792452835,0.0031545741324921213,0.057167235494880536,0.4634146341463415,0.20146520146520147,0.17261055634807418,1.0
0.5263157894736841,0.031620553359683806,0.18716577540106935,0.27835051546391754,0.17391304347826084,0.3344827586206897,0.3565400843881856,0.20754716981132074,0.3312302839116719,0.2832764505119454,0.5772357723577235,0.4432234432234432,0.08131241084165478,1.0
0.2078947368421056,0.1936758893280633,0.2780748663101603,0.4587628865979381,0.17391304347826084,0.5241379310344828,0.2742616033755273,0.4528301886792453,0.31861198738170343,0.06655290102389078,0.3739837398373984,0.42857142857142855,0.09771754636233952,1.0
0.3894736842105265,0.1956521739130435,0.3315508021390373,0.5103092783505154,0.16304347826086962,0.42068965517241386,0.3333333333333333,0.3584905660377359,0.33753943217665616,0.14163822525597267,0.4552845528455286,0.8424908424908424,0.2810271041369472,1.0
0.2552631578947371,0.03557312252964428,0.3422459893048128,0.4329896907216495,0.17391304347826084,0.496551724137931,0.4050632911392404,0.320754716981132,0.3217665615141956,0.10409556313993172,0.7317073170731707,0.6776556776556777,0.0,1.0
0.11315789473684255,0.5928853754940713,0.2459893048128342,0.4587628865979381,0.4021739130434784,0.7586206896551726,0.4725738396624472,0.20754716981132074,1.0,0.13822525597269622,0.21951219512195125,0.5641025641025641,0.20256776034236804,1.0
0.16052631578947407,0.2608695652173913,0.5882352941176471,0.5670103092783507,0.15217391304347827,0.3344827586206897,0.28481012658227844,0.660377358490566,0.2965299684542587,0.1296928327645051,0.4227642276422765,0.5421245421245422,0.2867332382310984,1.0
0.155263157894737,0.2470355731225297,0.4919786096256683,0.38144329896907214,0.30434782608695665,0.7034482758620689,0.4050632911392404,0.07547169811320756,0.2965299684542587,0.16808873720136516,0.5528455284552845,0.6190476190476191,0.0477888730385164,1.0
0.4131578947368424,0.11857707509881425,0.28877005347593576,0.4072164948453608,0.1956521739130436,0.16206896551724134,0.2151898734177215,0.3018867924528301,0.2965299684542587,0.0998293515358362,0.4552845528455286,0.5494505494505495,0.20256776034236804,1.0
0.10000000000000052,0.0,0.6096256684491977,0.5360824742268042,0.1956521739130436,0.5172413793103449,0.35232067510548515,0.5471698113207547,0.3249211356466877,0.15358361774744025,0.5040650406504066,0.38095238095238104,0.11126961483594863,1.0
0.33157894736842103,0.17193675889328067,0.4545454545454545,0.5051546391752577,0.35869565217391297,0.04137931034482761,0.14345991561181431,0.4528301886792453,0.3312302839116719,0.15102389078498293,0.3463414634146341,0.20146520146520147,0.4222539229671898,1.0
0.34473684210526345,0.3379446640316206,0.5882352941176471,0.5360824742268042,0.30434782608695665,0.5448275862068966,0.3734177215189873,0.3962264150943397,0.28391167192429023,0.1296928327645051,0.2601626016260163,0.7728937728937728,0.11412268188302425,1.0
0.2763157894736845,0.2648221343873518,0.18181818181818168,0.3556701030927836,0.2934782608695653,0.4310344827586208,0.38607594936708856,0.2452830188679245,0.3123028391167192,0.17235494880546073,0.6422764227642277,0.6190476190476191,0.30813124108416545,1.0
0.39210526315789496,0.3339920948616601,0.4331550802139036,0.5360824742268042,0.1956521739130436,0.5413793103448276,0.4071729957805906,0.2452830188679245,0.2555205047318612,0.061433447098976114,0.3414634146341464,0.5531135531135531,0.033523537803138354,1.0
0.6473684210526316,0.18181818181818185,0.4705882352941176,0.6907216494845361,0.18478260869565225,0.31034482758620685,0.3164556962025316,0.2641509433962265,0.19558359621451105,0.2098976109215017,0.4065040650406505,0.5531135531135531,0.13837375178316688,1.0
0.3000000000000003,0.14031620553359686,0.6256684491978607,0.4329896907216495,0.3695652173913043,0.3137931034482758,0.2974683544303797,0.6037735849056604,0.19558359621451105,0.1424914675767918,0.7886178861788617,0.3516483516483517,0.05492154065620538,1.0
0.3131578947368423,0.10869565217391304,0.3101604278074864,0.4329896907216495,0.2391304347826088,0.4758620689655172,0.3586497890295358,0.490566037735849,0.5268138801261829,0.121160409556314,0.3089430894308944,0.641025641025641,0.02425106990014264,1.0
0.33157894736842103,0.4130434782608696,0.4598930481283422,0.38144329896907214,0.1956521739130436,0.5068965517241381,0.4029535864978903,0.22641509433962265,0.498422712933754,0.07423208191126279,0.5447154471544715,0.7435897435897436,0.008559201141226797,1.0
0.310526315789474,0.08893280632411069,0.20855614973262027,0.3195876288659795,0.8804347826086957,0.30000000000000004,0.1983122362869198,0.01886792452830191,0.6593059936908517,0.13395904436860068,0.6504065040650406,0.6593406593406592,0.3138373751783167,1.0
0.20000000000000015,0.2747035573122529,0.7593582887700533,0.922680412371134,0.2391304347826088,0.3965517241379311,0.4008438818565401,0.8490566037735847,0.42586750788643535,0.14675767918088736,0.3983739837398374,0.42857142857142855,0.1340941512125535,1.0
0.3657894736842109,0.17193675889328067,0.44385026737967903,0.6134020618556701,0.4130434782608695,0.3517241379310345,0.3691983122362869,0.3962264150943397,0.3785488958990536,0.06655290102389078,0.4715447154471546,0.6190476190476191,0.0477888730385164,1.0
0.15263157894736867,0.12055335968379452,0.7165775401069521,0.4845360824742269,0.26086956521739124,0.6068965517241379,0.5443037974683543,0.3018867924528301,0.6561514195583596,0.11689419795221842,0.3902439024390244,0.7289377289377288,0.2867332382310984,1.0
0.4578947368421051,0.5316205533596838,0.3315508021390373,0.27835051546391754,0.10869565217391307,0.2241379310344828,0.1919831223628692,0.5660377358490566,0.13249211356466878,0.18088737201365188,0.1788617886178862,0.3113553113553114,0.06704707560627672,1.0
0.5157894736842108,0.18379446640316208,0.663101604278075,1.0,0.7500000000000001,0.8,0.5379746835443038,0.1509433962264151,0.4889589905362776,0.1766211604095563,0.6747967479674797,0.8168498168498168,0.5042796005706135,1.0
0.4236842105263161,0.12252964426877475,0.3529411764705882,0.3195876288659795,0.32608695652173914,0.3586206896551725,0.2257383966244725,0.7547169811320755,0.06624605678233439,0.3813993174061433,0.4065040650406505,0.1172161172161173,0.12268188302425105,1.0
0.3526315789473684,0.0849802371541502,0.2994652406417112,0.46391752577319606,0.08695652173913049,0.3896551724137931,0.35021097046413496,0.2641509433962265,0.1987381703470032,0.2901023890784983,0.5203252032520327,0.8095238095238095,0.1654778887303852,1.0
0.6078947368421055,0.03952569169960474,0.5347593582887699,0.3298969072164949,0.4347826086956522,0.5344827586206896,0.20253164556962025,0.7924528301886793,0.0031545741324921213,0.16126279863481227,0.4390243902439024,0.2417582417582417,0.33666191155492153,1.0
0.5315789473684216,1.0,0.4117647058823529,0.5618556701030928,0.17391304347826084,0.5655172413793105,0.4873417721518986,0.320754716981132,0.5047318611987381,0.11262798634812288,0.20325203252032525,0.6703296703296704,0.07275320970042795,1.0
0.20526315789473729,0.2727272727272728,0.7379679144385026,0.5618556701030928,0.6956521739130436,0.213793103448276,0.1371308016877637,0.01886792452830191,0.3627760252365931,0.10409556313993172,0.3821138211382114,0.3626373626373625,0.24750356633380885,1.0
0.2736842105263162,0.2806324110671937,0.4331550802139036,0.5360824742268042,0.16304347826086962,0.5586206896551725,0.4873417721518986,0.4528301886792453,0.2965299684542587,0.12627986348122866,0.3089430894308944,0.7362637362637363,0.07132667617689017,1.0
0.2447368421052638,0.06916996047430833,0.5026737967914437,0.5360824742268042,0.3369565217391305,0.8275862068965518,0.3797468354430379,0.0,0.3911671924290221,0.16467576791808872,0.4146341463414634,0.6813186813186813,0.4336661911554922,1.0
0.2763157894736845,0.116600790513834,0.5026737967914437,0.6701030927835052,0.0,0.42068965517241386,0.2637130801687763,0.5471698113207547,0.305993690851735,0.03924914675767918,0.4796747967479676,0.7106227106227105,0.24750356633380885,1.0
0.3526315789473684,0.06521739130434784,0.39572192513368976,0.4072164948453608,0.1956521739130436,0.8758620689655172,0.7194092827004218,0.20754716981132074,0.4858044164037855,0.27474402730375425,0.4552845528455286,0.5494505494505495,0.27246790299572043,1.0
0.34210526315789513,0.07114624505928857,0.4919786096256683,0.27835051546391754,0.3369565217391305,0.3689655172413793,0.15822784810126586,0.9433962264150944,0.0,0.1697952218430034,0.6260162601626016,0.1465201465201465,0.2867332382310984,1.0
0.1657894736842107,0.22529644268774704,0.2994652406417112,0.27835051546391754,0.2934782608695653,0.21724137931034493,0.2594936708860759,0.3962264150943397,0.2334384858044164,0.21501706484641636,0.6097560975609757,0.3186813186813187,0.10699001426533523,1.0
0.34210526315789513,0.04940711462450595,0.3155080213903741,0.21649484536082475,0.7173913043478259,0.3172413793103448,0.3185654008438818,0.4150943396226414,0.7413249211356466,0.18088737201365188,0.4715447154471546,0.38095238095238104,0.33666191155492153,1.0
0.3657894736842109,0.7292490118577075,0.7326203208556149,0.8195876288659794,0.34782608695652184,0.42068965517241386,0.3776371308016877,0.5660377358490566,0.4100946372239748,0.06825938566552903,0.3577235772357724,0.6776556776556777,0.062054208273894434,1.0
0.2763157894736845,0.07707509881422925,0.6149732620320855,0.6907216494845361,0.08695652173913049,0.3517241379310345,0.2616033755274261,0.5094339622641509,0.3123028391167192,0.07849829351535836,0.6747967479674797,0.5311355311355312,0.2510699001426534,1.0
0.3526315789473684,0.09288537549407117,0.6417112299465241,0.38659793814433,0.30434782608695665,0.496551724137931,0.4873417721518986,0.4528301886792453,0.5268138801261829,0.2832764505119454,0.5772357723577235,0.3772893772893772,0.2853067047075606,1.0
0.0,0.1521739130434783,0.44919786096256703,0.5618556701030928,0.16304347826086962,0.5103448275862069,0.38607594936708856,0.7358490566037735,0.5047318611987381,0.05290102389078497,1.0,0.5860805860805862,0.09201141226818828,1.0
0.2210526315789476,0.7055335968379447,0.5508021390374332,0.5360824742268042,0.13043478260869568,0.6482758620689655,0.5675105485232066,0.1509433962264151,0.7886435331230284,0.1296928327645051,0.21951219512195125,0.8681318681318682,0.07275320970042795,1.0
0.3526315789473684,0.17588932806324112,0.5026737967914437,0.7164948453608249,0.1956521739130436,0.4275862068965518,0.4451476793248945,0.5094339622641509,0.4700315457413249,0.07167235494880547,0.3333333333333333,0.5531135531135531,0.0456490727532097,1.0
0.6947368421052631,0.1007905138339921,0.2994652406417112,0.38144329896907214,0.26086956521739124,0.38620689655172413,0.3059071729957805,0.3584905660377359,0.10094637223974763,0.21501706484641636,0.6097560975609757,0.4358974358974359,0.2510699001426534,1.0
0.4394736842105265,0.6185770750988143,0.5561497326203207,0.6391752577319587,0.3369565217391305,0.6379310344827587,0.4662447257383965,0.5660377358490566,0.4858044164037855,0.1100682593856655,0.5772357723577235,0.6813186813186813,0.1319543509272468,1.0
0.1921052631578948,0.383399209486166,0.8342245989304812,0.4845360824742269,0.35869565217391297,0.2655172413793103,0.3565400843881856,0.8867924528301885,0.2018927444794953,0.21501706484641636,0.6097560975609757,0.4505494505494506,0.23466476462196864,1.0
0.33157894736842103,0.4802371541501976,0.4545454545454545,0.38144329896907214,0.1956521739130436,0.6448275862068966,0.5590717299578059,0.6037735849056604,0.7570977917981072,0.08703071672354948,0.7642276422764227,0.5714285714285714,0.09129814550641938,1.0
0.26578947368421035,0.7035573122529645,0.5454545454545453,0.5876288659793816,0.10869565217391307,0.38620689655172413,0.2974683544303797,0.5471698113207547,0.2965299684542587,0.11262798634812288,0.2520325203252033,0.4761904761904761,0.21540656205420824,1.0
0.3657894736842109,0.3577075098814229,0.4866310160427806,0.5876288659793816,0.21739130434782614,0.2413793103448276,0.3164556962025316,1.0,0.31861198738170343,0.121160409556314,0.3089430894308944,0.7435897435897436,0.02639087018544936,1.0
0.2131578947368422,0.4249011857707511,0.4652406417112299,0.38144329896907214,0.4565217391304349,0.2551724137931035,0.20675105485232065,0.5660377358490566,0.17034700315457413,0.11689419795221842,0.3902439024390244,0.4578754578754578,0.15834522111269614,1.0
0.4447368421052635,0.199604743083004,0.4919786096256683,0.6134020618556701,0.15217391304347827,0.13793103448275862,0.2995780590717299,0.660377358490566,0.3848580441640378,0.17235494880546073,0.3252032520325204,0.4212454212454213,0.14978601997146931,1.0
0.3789473684210529,0.15415019762845852,0.44919786096256703,0.4329896907216495,1.0,0.5241379310344828,0.4071729957805906,0.3584905660377359,0.9053627760252364,0.11262798634812288,0.5528455284552845,0.4981684981684981,0.4700427960057062,1.0
0.5315789473684216,0.258893280632411,0.9946524064171124,0.7422680412371134,0.5869565217391305,0.5689655172413793,0.4936708860759493,0.641509433962264,0.4763406940063091,0.1962457337883959,0.5284552845528454,0.7069597069597071,0.3937232524964337,0.0
0.7246760768143442,0.12733756863548273,0.38648401188620934,0.2142202182603741,0.27055298997865534,0.568611110550583,0.47158862003983326,0.27020860039442546,0.40629166309797354,0.3027414145991453,0.2999932753281012,0.7465114541508497,0.38314256121750445,0.0
0.5947368421052629,0.2430830039525692,0.7058823529411765,0.3195876288659795,0.34782608695652184,0.6965517241379311,0.6097046413502109,0.339622641509434,0.3943217665615142,0.4027303754266212,0.4796747967479676,0.5750915750915749,0.7075606276747504,0.0
0.8394736842105264,0.1897233201581028,0.5026737967914437,0.2938144329896908,0.5217391304347826,0.7655172413793105,0.561181434599156,0.2452830188679245,0.5110410094637223,0.4351535836177475,0.3739837398373984,0.7472527472527473,0.4935805991440799,0.0
0.6710526315789473,0.18181818181818185,0.5347593582887699,0.4381443298969073,0.39130434782608703,0.6482758620689655,0.6012658227848101,0.16981132075471694,0.4858044164037855,0.4795221843003413,0.4959349593495936,0.5897435897435896,0.8823109843081313,0.0
0.6657894736842107,0.1956521739130435,0.5882352941176471,0.5103092783505154,0.5000000000000001,0.6827586206896552,0.5147679324894514,0.1320754716981132,0.6435331230283912,0.424061433447099,0.4065040650406505,0.6446886446886446,0.6005706134094152,0.0
0.831578947368421,0.16798418972332022,0.5989304812834223,0.3041237113402062,0.4130434782608695,0.8,0.7573839662447257,0.3584905660377359,0.4574132492113565,0.6331058020477814,0.6097560975609757,0.5677655677655677,1.0,0.0
0.560526315789474,0.3201581027667985,0.7005347593582886,0.41237113402061865,0.3369565217391305,0.6275862068965518,0.6118143459915611,0.320754716981132,0.7570977917981072,0.3754266211604095,0.4471544715447155,0.6959706959706959,0.6469329529243938,0.0
0.7342105263157896,0.199604743083004,0.5668449197860962,0.17525773195876293,0.4456521739130436,1.0,0.7172995780590716,0.3584905660377359,0.4605678233438486,0.4923208191126279,0.4308943089430895,0.7289377289377288,0.6504992867332383,0.0
0.5368421052631582,0.15019762845849807,0.39572192513368976,0.2525773195876289,0.30434782608695665,0.4896551724137931,0.4852320675105485,0.28301886792452835,0.30283911671924296,0.20648464163822525,0.5691056910569106,0.5201465201465201,0.529243937232525,0.0
0.6657894736842107,0.19169960474308306,0.5080213903743315,0.28865979381443296,0.5108695652173912,0.7482758620689656,0.6223628691983122,0.3962264150943397,0.6088328075709779,0.4138225255972696,0.3821138211382114,0.7728937728937728,0.3687589158345221,0.0
0.6499999999999999,0.2114624505928854,0.6684491978609625,0.4845360824742269,0.28260869565217395,0.5344827586206896,0.4789029535864978,0.28301886792452835,0.3943217665615142,0.1911262798634812,0.5203252032520327,0.934065934065934,0.4044222539229673,0.0
0.9789473684210526,0.1956521739130435,0.5508021390374332,0.04123711340206182,0.2282608695652174,0.7310344827586208,0.7067510548523206,0.5660377358490566,0.7570977917981072,0.3515358361774744,0.6260162601626016,0.5347985347985347,0.6219686162624822,0.0
0.8131578947368419,0.14624505928853754,0.5133689839572192,0.3195876288659795,0.2717391304347826,0.42068965517241386,0.4409282700421941,0.2452830188679245,0.3659305993690852,0.31740614334470985,0.5609756097560976,0.5677655677655677,0.7146932952924394,0.0
0.736842105263158,0.1640316205533597,0.6737967914438502,0.4845360824742269,0.4891304347826088,0.6793103448275863,0.6455696202531644,0.5094339622641509,0.4132492113564669,0.4539249146757679,0.5284552845528454,0.4761904761904761,0.6077032810271041,0.0
0.5315789473684216,0.20355731225296445,0.39572192513368976,0.3298969072164949,0.4021739130434784,0.6965517241379311,0.561181434599156,0.28301886792452835,0.5110410094637223,0.32081911262798635,0.3252032520325204,0.7619047619047619,0.4329529243937232,0.0
0.7052631578947373,0.2213438735177866,0.5347593582887699,0.30927835051546404,0.3369565217391305,0.5620689655172414,0.5358649789029535,0.2641509433962265,0.4037854889589905,0.21501706484641636,0.5121951219512195,1.0,0.5399429386590585,0.0
0.7157894736842105,0.1956521739130435,0.5614973262032085,0.27835051546391754,0.2065217391304348,0.5586206896551725,0.5105485232067509,0.3018867924528301,0.4416403785488959,0.3686006825938566,0.5447154471544715,0.5970695970695972,0.7432239657631955,0.0
0.6375611707686071,0.20179404071373686,0.6315698514860404,0.28737485081563224,0.30099222403045883,0.7053517196848589,0.5857798749987685,0.3701732505751105,0.4251278700359686,0.4382313425103314,0.5216567477096896,0.5569699095930069,0.8248131207848494,0.0
0.8368421052631579,0.6521739130434783,0.5775401069518716,0.4278350515463917,0.4456521739130436,0.6448275862068966,0.4873417721518986,0.320754716981132,0.2649842271293376,0.33788395904436863,0.3170731707317073,0.7545787545787546,0.5720399429386591,0.0
0.6868421052631581,0.4664031620553361,0.6417112299465241,0.2371134020618556,0.5000000000000001,0.5931034482758621,0.5675105485232066,0.07547169811320756,0.3943217665615142,0.325938566552901,0.3902439024390244,0.7655677655677655,0.4044222539229673,0.0
0.8815789473684212,0.5632411067193676,0.4919786096256683,0.27835051546391754,0.34782608695652184,0.7827586206896553,0.5970464135021096,0.2641509433962265,0.5615141955835962,0.3088737201365188,0.4552845528455286,0.7948717948717949,0.5613409415121255,0.0
0.8842105263157896,0.22332015810276687,0.5828877005347594,0.2061855670103092,0.28260869565217395,0.5241379310344828,0.4599156118143459,0.320754716981132,0.4952681388012618,0.3387372013651877,0.4390243902439024,0.8461538461538463,0.7218259629101285,0.0
0.7131578947368422,0.18379446640316208,0.4759358288770054,0.2989690721649484,0.5217391304347826,0.5586206896551725,0.540084388185654,0.1509433962264151,0.3817034700315458,0.3899317406143344,0.3577235772357724,0.7069597069597071,0.557774607703281,0.0
0.7594115526311463,0.22251711625630044,0.5364578200115694,0.4067638168323444,0.39303636912788764,0.6700347785222753,0.6499383359664694,0.11819856397966416,0.6379868771892874,0.4214084565674401,0.4712443160320057,0.7411764802210937,0.7449055437752629,0.0
0.773591031126596,0.194532183436405,0.45516974825085477,0.06653289358952552,0.36126511499336234,0.7079696644479533,0.6185958813537905,0.33442309023104544,0.4625897945094923,0.4096153265213353,0.37813683311039403,0.8039247586566558,0.6155152492820555,0.0
0.8815789473684212,0.22332015810276687,0.5454545454545453,0.07216494845360821,0.34782608695652184,0.8,0.6962025316455696,0.3018867924528301,0.8044164037854891,0.5307167235494881,0.5853658536585367,0.6336996336996337,0.905135520684736,0.0
0.5315789473684216,0.1956521739130435,0.3636363636363637,0.09278350515463918,0.2391304347826088,0.6000000000000001,0.6181434599156117,0.07547169811320756,0.7886435331230284,0.5051194539249146,0.5203252032520327,0.6007326007326008,0.6219686162624822,0.0
0.5973684210526318,0.1936758893280633,0.41711229946524064,0.3298969072164949,0.26086956521739124,0.4896551724137931,0.39029535864978904,0.2641509433962265,0.2965299684542587,0.22781569965870305,0.4390243902439024,0.5494505494505495,0.7182596291012839,0.0
0.5935148001888373,0.16074121303665473,0.43215520037486477,0.23249849606173956,0.21597569495272242,0.5776037862810002,0.4110873596074517,0.1676028881812863,0.4910859451405063,0.19368588180157073,0.3380902859937963,0.7102411916229286,0.4760751475243077,0.0
0.6925743329700026,0.2010955259728101,0.580952028211537,0.37479355958769195,0.5100662107784891,0.6670679440693754,0.6541090731947656,0.31098362746798563,0.37579685122652734,0.5058682184277443,0.5496835417824019,0.4675985287708702,0.9008453910976232,0.0
0.8342105263157893,0.20158102766798425,0.5828877005347594,0.2371134020618556,0.4565217391304349,0.7896551724137932,0.6434599156118143,0.3962264150943397,0.4921135646687697,0.4667235494880546,0.4634146341463415,0.5787545787545789,0.8359486447931527,0.0
0.7546300446106378,0.21658371717965935,0.6330784889708154,0.47930469592082847,0.33617480700324254,0.7043897280492311,0.5455794897692022,0.18563034150529278,0.6000477764125615,0.37206768258081135,0.4018782600580516,0.5773885516291526,0.8296184960480523,0.0
0.6526315789473687,0.2094861660079052,0.6898395721925134,0.4329896907216495,0.4347826086956522,0.4724137931034483,0.4620253164556961,0.3018867924528301,0.35646687697160884,0.2491467576791809,0.5040650406504066,0.5860805860805862,0.5827389443651926,0.0
0.7210526315789472,0.22924901185770755,0.7058823529411765,0.3350515463917527,0.4891304347826088,0.6965517241379311,0.5168776371308016,0.490566037735849,0.4006309148264984,0.4283276450511945,0.5284552845528454,0.6080586080586081,0.782453637660485,0.0
0.8394736842105264,0.6422924901185771,0.6149732620320855,0.13402061855670097,0.6304347826086957,0.6965517241379311,0.5696202531645569,0.1320754716981132,0.5268138801261829,0.325938566552901,0.3333333333333333,0.8278388278388278,0.3437945791726106,0.0
0.5815789473684214,0.6403162055335969,0.497326203208556,0.3556701030927836,0.35869565217391297,0.5724137931034484,0.4831223628691982,0.3584905660377359,0.3943217665615142,0.2627986348122867,0.2764227642276423,0.6336996336996337,0.2867332382310984,0.0
0.6818195220781168,0.19359666799282899,0.5661311539271661,0.33499345800123526,0.3324796209015495,0.493352600776825,0.464647834143573,0.26390804127075407,0.45713546325376664,0.1818446441229267,0.49438944034394633,0.6219362924320166,0.6390208226815455,0.0
0.7447368421052629,0.12055335968379452,0.4866310160427806,0.27835051546391754,0.30434782608695665,0.6896551724137931,0.5928270042194091,0.16981132075471694,0.4542586750788644,0.5068259385665529,0.4308943089430895,0.8351648351648351,0.5470756062767476,0.0
0.6973684210526314,0.2154150197628459,0.5347593582887699,0.3402061855670103,0.3695652173913043,0.496551724137931,0.4957805907172995,0.5471698113207547,0.4921135646687697,0.2184300341296928,0.6097560975609757,0.5860805860805862,0.5078459343794579,0.0
0.4789473684210526,0.16996047430830044,0.6203208556149732,0.3711340206185567,0.2717391304347826,0.5172413793103449,0.4282700421940928,0.2452830188679245,0.3312302839116719,0.22610921501706485,0.4959349593495936,0.8644688644688645,0.5256776034236805,0.0
0.8078947368421052,0.25296442687747034,0.5561497326203207,0.4226804123711341,0.35869565217391297,0.6103448275862069,0.5443037974683543,0.3584905660377359,0.6214511041009463,0.41979522184300333,0.4796747967479676,0.5421245421245422,0.557774607703281,0.0
0.6842105263157898,0.2114624505928854,0.7165775401069521,0.3402061855670103,0.4565217391304349,0.6448275862068966,0.5421940928270041,0.320754716981132,0.3312302839116719,0.5136518771331058,0.6504065040650406,0.5897435897435896,0.7360912981455064,0.0
0.6447368421052633,0.2114624505928854,0.5614973262032085,0.5103092783505154,0.32608695652173914,0.5931034482758621,0.5569620253164557,0.2452830188679245,0.4574132492113565,0.325938566552901,0.4552845528455286,0.8058608058608059,0.4579172610556348,0.0
0.6210526315789475,0.20355731225296445,0.6737967914438502,0.28350515463917536,0.2500000000000001,0.6448275862068966,0.5485232067510548,0.3962264150943397,0.32807570977917977,0.3003412969283276,0.3577235772357724,0.7142857142857144,0.6540656205420827,0.0
0.736842105263158,0.17984189723320154,0.663101604278075,0.3402061855670103,0.26086956521739124,0.5068965517241381,0.5590717299578059,0.16981132075471694,0.5930599369085173,0.3686006825938566,0.6178861788617886,0.7692307692307694,0.7039942938659058,0.0
0.8160785109450758,0.19783376944530837,0.47409243464944617,0.08280196255705274,0.5263535953395891,0.6026220982783449,0.5487900619723965,0.22124477991456384,0.347802397017174,0.38484071281638904,0.5165022943402522,0.6730601461775907,0.6883798774505082,0.0
0.6263157894736846,0.6126482213438735,0.4064171122994652,0.4226804123711341,0.21739130434782614,0.5068965517241381,0.4936708860759493,0.2641509433962265,0.33753943217665616,0.2559726962457338,0.3495934959349594,0.6336996336996337,0.5399429386590585,0.0
0.7868421052631578,0.1857707509881423,0.4545454545454545,0.27835051546391754,0.28260869565217395,0.5758620689655173,0.4198312236286919,0.2452830188679245,0.4952681388012618,0.2918088737201365,0.4552845528455286,0.8498168498168497,0.5399429386590585,0.0
0.7500000000000004,0.2272727272727273,0.657754010695187,0.22680412371134015,0.3369565217391305,0.7827586206896553,0.6793248945147679,0.07547169811320756,0.4069400630914827,0.3540955631399317,0.3252032520325204,0.8388278388278391,0.5827389443651926,0.0
0.7657894736842104,0.1956521739130435,0.4866310160427806,0.3505154639175257,0.4130434782608695,0.6551724137931034,0.6751054852320674,0.3584905660377359,0.5268138801261829,0.6501706484641638,0.5203252032520327,0.6703296703296704,0.7004279600570614,0.0
0.7105263157894739,0.15019762845849807,0.7165775401069521,0.6134020618556701,0.3369565217391305,0.6965517241379311,0.6139240506329113,0.3018867924528301,0.6214511041009463,0.3771331058020477,0.5772357723577235,0.5274725274725274,0.7182596291012839,0.0
1.0,0.17786561264822134,0.4331550802139036,0.17525773195876293,0.2934782608695653,0.6275862068965518,0.5569620253164557,0.3018867924528301,0.4952681388012618,0.3344709897610921,0.4878048780487805,0.5787545787545789,0.5470756062767476,0.0
0.7078947368421056,0.13636363636363638,0.6096256684491977,0.31443298969072164,0.4130434782608695,0.8344827586206898,0.7025316455696201,0.11320754716981132,0.5141955835962145,0.4709897610921502,0.3333333333333333,0.5860805860805862,0.7182596291012839,0.0
0.7973684210526321,0.17588932806324112,0.4919786096256683,0.27835051546391754,0.608695652173913,0.6965517241379311,0.5970464135021096,0.20754716981132074,0.5331230283911672,0.37286689419795227,0.4959349593495936,0.8937728937728937,0.35805991440798857,0.0
0.5921052631578947,0.17786561264822134,0.7914438502673796,0.2525773195876289,0.4347826086956522,0.5586206896551725,0.4936708860759493,0.3962264150943397,0.2996845425867508,0.2832764505119454,0.4959349593495936,0.5531135531135531,0.4293865905848788,0.0
0.5710526315789473,0.20553359683794467,0.41711229946524064,0.030927835051546393,0.32608695652173914,0.5758620689655173,0.5105485232067509,0.2452830188679245,0.2744479495268139,0.26450511945392485,0.4634146341463415,0.7802197802197801,0.5506419400855921,0.0
0.7473684210526317,0.22924901185770755,0.7700534759358287,0.4536082474226804,0.4021739130434784,0.6793103448275863,0.5548523206751055,0.4528301886792453,0.42586750788643535,0.27474402730375425,0.6260162601626016,0.7802197802197801,0.4543509272467904,0.0
0.6340565004404236,0.17010806491912478,0.5607034425511483,0.36672136653678644,0.49051928409564904,0.6154585978425279,0.5427591788800276,0.20065266755279546,0.41549164109107917,0.2316020726855529,0.29031390304488086,0.7066095972160246,0.2978248797185321,0.0
0.5315789473684216,0.17984189723320154,0.6363636363636361,0.38144329896907214,0.30434782608695665,0.5068965517241381,0.4409282700421941,0.3018867924528301,0.3249211356466877,0.2534129692832764,0.5203252032520327,0.4542124542124541,0.5898716119828816,0.0
0.8914851918901544,0.13777706577488408,0.5667325755650314,0.24058849160438955,0.3991177344561255,0.8422398872309651,0.7215122006900472,0.39207483349725686,0.5510710142202071,0.5956538946929636,0.517115755327749,0.7745463939724391,0.7373653861727442,0.0
0.7973684210526321,0.2786561264822135,0.6684491978609625,0.3608247422680413,0.5543478260869567,0.5586206896551725,0.4578059071729956,0.339622641509434,0.2649842271293376,0.3216723549488054,0.4715447154471546,0.8461538461538463,0.7253922967189731,0.0
0.7184210526315788,0.15612648221343875,0.7165775401069521,0.4587628865979381,0.6739130434782609,0.6793103448275863,0.5063291139240506,0.6981132075471698,0.2965299684542587,0.3515358361774744,0.6260162601626016,0.6336996336996337,0.6825962910128388,0.0
0.8078947368421052,0.2806324110671937,0.5026737967914437,0.38144329896907214,0.3804347826086957,0.6793103448275863,0.6286919831223627,0.16981132075471694,0.6214511041009463,0.3813993174061433,0.6260162601626016,0.6959706959706959,0.8787446504992867,0.0
0.8789473684210525,0.23913043478260876,0.6096256684491977,0.3195876288659795,0.4673913043478261,0.9896551724137932,0.6645569620253164,0.20754716981132074,0.5583596214511042,0.5563139931740614,0.3089430894308944,0.7985347985347986,0.8573466476462198,0.0
0.8605263157894738,0.233201581027668,0.7272727272727274,0.4845360824742269,0.5434782608695653,0.6275862068965518,0.590717299578059,0.37735849056603776,0.4921135646687697,0.41979522184300333,0.4796747967479676,0.5054945054945055,0.7146932952924394,0.0
0.7552631578947371,0.1857707509881423,0.4064171122994652,0.27835051546391754,0.3369565217391305,0.7310344827586208,0.6434599156118143,0.1509433962264151,0.5457413249211357,0.4112627986348123,0.3495934959349594,0.7545787545787546,0.5042796005706135,0.0
0.5,0.6047430830039526,0.6898395721925134,0.41237113402061865,0.34782608695652184,0.4931034482758622,0.4367088607594937,0.22641509433962265,0.4952681388012618,0.27474402730375425,0.4471544715447155,0.8241758241758241,0.35092724679029963,0.0
0.5815789473684214,0.3656126482213439,0.8074866310160428,0.5360824742268042,0.5217391304347826,0.6275862068965518,0.4957805907172995,0.490566037735849,0.44479495268138797,0.2593856655290102,0.4552845528455286,0.6080586080586081,0.3259629101283881,0.0
0.4078947368421053,0.10869565217391304,0.39572192513368976,0.4845360824742269,0.35869565217391297,0.1724137931034483,0.050632911392405035,0.7547169811320755,0.3123028391167192,0.5392491467576791,0.08130081300813008,0.1025641025641026,0.25820256776034234,2.0
0.5161093859461895,0.1776036495079339,0.6340593297028317,0.5843541236013206,0.5309872174098642,0.30763973786332305,0.19530503797288234,0.20045874211151718,0.2698469568318268,0.3749648463435364,0.16363463418104693,0.015016302804133104,0.17432464578578682,2.0
0.6815789473684211,0.8320158102766799,0.5294117647058824,0.4845360824742269,0.2391304347826088,0.3517241379310345,0.0970464135021097,0.641509433962264,0.19242902208201892,0.2662116040955631,0.3495934959349594,0.28571428571428564,0.1940085592011412,2.0
0.4842105263157897,0.7648221343873519,0.5989304812834223,0.5618556701030928,0.17391304347826084,0.2482758620689656,0.06540084388185652,0.641509433962264,0.14195583596214512,0.5435153583617748,0.048780487804878085,0.21611721611721615,0.24750356633380885,2.0
0.5,0.4090909090909092,0.7165775401069521,0.5360824742268042,0.28260869565217395,0.19310344827586207,0.033755274261603366,0.7547169811320755,0.10725552050473186,0.2832764505119454,0.23577235772357724,0.38095238095238104,0.2296718972895863,2.0
0.6415735019291748,0.21016180607597867,0.6298821153634749,0.6378890895771856,0.35125854543616847,0.14364685645305392,0.08551060578861949,0.5236007584202989,0.2602481282275419,0.7673378038936411,0.21800060922080713,0.14986746113620086,0.26797156294290536,2.0
0.6131578947368421,0.3596837944664032,0.5294117647058824,0.4845360824742269,0.2065217391304348,0.14482758620689656,0.033755274261603366,0.4528301886792453,0.07255520504731862,0.3686006825938566,0.1788617886178862,0.4395604395604396,0.35805991440798857,2.0
0.3078947368421052,0.4525691699604743,0.5133689839572192,0.4329896907216495,0.28260869565217395,0.09310344827586207,0.03164556962025315,0.5094339622641509,0.10094637223974763,0.3600682593856656,0.14634146341463422,0.20512820512820512,0.1654778887303852,2.0
0.8157894736842106,0.6640316205533596,0.7379679144385026,0.7164948453608249,0.28260869565217395,0.3689655172413793,0.08860759493670885,0.8113207547169812,0.2965299684542587,0.6757679180887372,0.10569105691056913,0.12087912087912095,0.20114122681883026,2.0
0.6499999999999999,0.4703557312252965,0.6737967914438502,0.6907216494845361,0.5760869565217391,0.14482758620689656,0.2594936708860759,0.16981132075471694,0.2649842271293376,0.6245733788395904,0.08943089430894308,0.010989010989011005,0.15834522111269614,2.0
0.6473684210526316,0.5632411067193676,0.44385026737967903,0.4587628865979381,0.1956521739130436,0.2206896551724139,0.029535864978902936,0.8490566037735847,0.14826498422712936,0.3771331058020477,0.2682926829268293,0.20146520146520147,0.21540656205420824,2.0
0.6604688267453311,0.3066061793588501,0.49564122758010115,0.4980016395508166,0.1624683089368642,0.24648126036242082,0.0743339581557893,0.5695379521647193,0.2165540397844099,0.6420962252527893,0.08932855777859695,0.1404951143689098,0.2298404465140845,2.0
0.6236842105263158,0.7628458498023716,0.8021390374331551,0.7422680412371134,0.4565217391304349,0.3448275862068966,0.13080168776371304,0.2641509433962265,0.220820189274448,0.6160409556313993,0.15447154471544716,0.2380952380952381,0.2510699001426534,2.0
0.7052631578947373,0.9703557312252966,0.5828877005347594,0.5103092783505154,0.2717391304347826,0.2413793103448276,0.056962025316455674,0.7358490566037735,0.20504731861198736,0.5477815699658704,0.13008130081300812,0.17216117216117216,0.3295292439372326,2.0
0.45099990024946424,0.40600327485117915,0.5457030470828929,0.6645406858991968,0.33519012828531664,0.14202454392692007,0.16467259408884052,0.182093567401619,0.13403275238558213,0.3525265062858517,0.1823943008386978,0.016526571969039557,0.2188895458313827,2.0
0.6236842105263158,0.6264822134387352,0.5989304812834223,0.6391752577319587,0.34782608695652184,0.2827586206896552,0.08649789029535862,0.5660377358490566,0.3154574132492113,0.5136518771331058,0.1788617886178862,0.10622710622710624,0.33666191155492153,2.0
0.4581503136273707,0.48553535746562104,0.5435085775704164,0.5598896381472862,0.32680880121159234,0.254003295795885,0.11001809938144134,0.5766471635459386,0.27069344702027115,0.7305803768091363,0.24874838923651943,0.08896182956694179,0.21872405882033774,2.0
0.4868421052631584,0.4446640316205535,0.5561497326203207,0.4845360824742269,0.3695652173913043,0.11034482758620696,0.18565400843881846,0.20754716981132074,0.13249211356466878,0.3515358361774744,0.2113821138211382,0.054945054945054916,0.17974322396576314,2.0
1.0008339358055145,0.1869040558225096,0.7349770786354055,0.8161665294254952,0.360446419593482,0.6671346373876323,0.23004746278795873,0.7655368345241711,0.7965663801903174,1.0611617170640917,0.07317073170731707,0.2905572912387694,0.28882888086515707,2.0
0.5473684210526315,0.22924901185770755,0.7433155080213903,0.7680412371134022,0.5000000000000001,0.42068965517241386,0.1983122362869198,0.2452830188679245,0.3627760252365931,0.4965870307167235,0.10569105691056913,0.02197802197802201,0.1048502139800285,2.0
0.5694674504265544,0.427573950765194,0.7032359306517838,0.5234093988493745,0.30153864505218825,0.20912014875148566,0.03453246964338421,0.7195649358318157,0.09803354336107445,0.30029845151313966,0.2734234820902214,0.33524242932194953,0.24275763432255093,2.0
0.5789473684210531,0.5059288537549407,0.4919786096256683,0.4072164948453608,0.30434782608695665,0.2827586206896552,0.10337552742616032,0.9056603773584904,0.4605678233438486,0.7883959044368599,0.06504065040650414,0.08791208791208788,0.2831669044222539,2.0
0.5109055182148724,0.40414976245022965,0.6180626143861013,0.613974294404847,0.48707670769485556,0.16536411955566999,0.22651173854160886,0.1979037488321992,0.26733264776368465,0.7643164295536523,0.022854124716352304,0.05734666219281472,0.14772540122874164,2.0
0.3894736842105265,0.09881422924901187,0.4759358288770054,0.3556701030927836,0.16304347826086962,0.3517241379310345,0.050632911392405035,0.8867924528301885,0.2649842271293376,0.35580204778157004,0.21951219512195125,0.08791208791208788,0.2653352353780314,2.0
0.4854452846630986,0.5293812843442575,0.664724519876788,0.6575113957043904,0.3910657962175798,0.19694724253760587,0.05769078279764311,0.9162035038411726,0.16090509771012573,0.35101824273751286,0.3321897737163658,0.3010860283141846,0.16414434447254095,2.0
0.4631578947368422,0.3814229249011858,0.5989304812834223,0.5876288659793816,0.4565217391304349,0.1724137931034483,0.2151898734177215,0.20754716981132074,0.26813880126182965,0.8122866894197952,0.0,0.07326007326007328,0.1440798858773181,2.0
0.5394736842105265,0.624505928853755,0.5347593582887699,0.5618556701030928,0.4673913043478261,0.14827586206896556,0.2215189873417721,0.3962264150943397,0.23028391167192425,0.6928327645051194,0.07317073170731707,0.02197802197802201,0.1940085592011412,2.0
0.6026315789473689,0.4940711462450593,0.5454545454545453,0.5618556701030928,0.2391304347826088,0.3275862068965517,0.08860759493670885,0.6037735849056604,0.2649842271293376,0.6092150170648464,0.05691056910569114,0.12820512820512825,0.2653352353780314,2.0
0.7000000000000002,0.4980237154150198,0.6310160427807486,0.4845360824742269,0.4021739130434784,0.2931034482758621,0.04641350210970464,0.6981132075471698,0.12302839116719246,0.39249146757679176,0.3902439024390244,0.20146520146520147,0.2867332382310984,2.0
0.5894736842105264,0.699604743083004,0.4812834224598929,0.4845360824742269,0.5434782608695653,0.21034482758620696,0.07383966244725736,0.5660377358490566,0.2965299684542587,0.7610921501706484,0.08943089430894308,0.10622710622710624,0.3972895863052782,2.0
0.4710526315789476,0.5197628458498025,0.5026737967914437,0.4587628865979381,0.1956521739130436,0.1724137931034483,0.06751054852320675,0.5094339622641509,0.17665615141955834,0.7662116040955631,0.1951219512195122,0.1758241758241758,0.2902995720399429,2.0
0.560526315789474,0.5592885375494071,0.42245989304812814,0.5360824742268042,0.34782608695652184,0.17931034482758626,0.04430379746835443,0.5660377358490566,0.2807570977917981,0.23208191126279865,0.09756097560975613,0.15018315018315015,0.3937232524964337,2.0
0.3786319000767141,-0.011555786344112806,0.4881755130265281,0.3320740115047543,0.11826220068524197,0.41170702882799104,0.04290693414504246,0.8608812720482306,0.30974980821439224,0.29135572490249523,0.22695551528280733,0.07617454536113441,0.25064237732032213,2.0
0.4131578947368424,0.3399209486166008,0.44919786096256703,0.4072164948453608,0.26086956521739124,0.2206896551724139,0.06751054852320675,0.9433962264150944,0.16719242902208206,0.4965870307167235,0.20325203252032525,0.11355311355311355,0.297432239657632,2.0
0.6447368421052633,0.18379446640316208,0.6844919786096256,0.6134020618556701,0.2065217391304348,0.5586206896551725,0.16033755274261602,0.7358490566037735,0.5930599369085173,0.893344709897611,0.07317073170731707,0.18681318681318687,0.24393723252496435,2.0
0.3500000000000001,0.6106719367588933,0.5454545454545453,0.5360824742268042,0.1956521739130436,0.4551724137931034,0.12236286919831225,0.6981132075471698,0.1987381703470032,0.5435153583617748,0.06504065040650414,0.11355311355311355,0.17261055634807418,2.0
0.7105263157894739,0.7154150197628459,0.4812834224598929,0.6134020618556701,0.1956521739130436,0.103448275862069,0.027426160337552727,0.7358490566037735,0.2334384858044164,0.4556313993174062,0.2439024390243903,0.1758241758241758,0.17261055634807418,2.0
0.4684210526315793,0.3102766798418973,0.5561497326203207,0.6907216494845361,0.30434782608695665,0.05862068965517243,0.15822784810126586,0.2641509433962265,0.13249211356466878,0.3771331058020477,0.14634146341463422,0.032967032967033016,0.20114122681883026,2.0
0.4815789473684209,0.12055335968379452,0.5133689839572192,0.38144329896907214,0.5652173913043478,0.1827586206896552,0.1919831223628692,0.1509433962264151,0.16719242902208206,0.2406143344709897,0.2276422764227643,0.007326007326007355,0.2510699001426534,2.0
0.6552631578947371,0.4802371541501976,0.7272727272727274,0.6649484536082475,0.2934782608695653,0.1965517241379311,0.037974683544303785,0.6981132075471698,0.04416403785488962,0.26194539249146753,0.3333333333333333,0.2893772893772894,0.17261055634807418,2.0
0.7236842105263159,0.3992094861660079,0.5026737967914437,0.5876288659793816,0.21739130434782614,0.12758620689655176,0.07172995780590717,0.5283018867924527,0.19558359621451105,0.7081911262798635,0.1788617886178862,0.15018315018315015,0.2403708987161198,2.0
0.705324756913347,0.7028822777394677,0.47820050195205893,0.6006662847119215,0.1956521739130436,0.11310404586044652,0.027599911420268256,0.7451726064792276,0.2264237638204129,0.4491664352005471,0.24591117106347113,0.17793591942034193,0.1761351503228923,2.0
0.5631578947368423,0.8794466403162058,0.5133689839572192,0.5876288659793816,0.2500000000000001,0.26206896551724146,0.0611814345991561,0.9056603773584904,0.35962145110410104,0.5648464163822525,0.09756097560975613,0.07692307692307693,0.31883024251069897,2.0
0.27529140290793397,0.6952896225728911,0.372543029386089,0.744257256633554,0.20596245240678457,0.3039805626905804,0.06972880661817782,1.2496517823973314,0.6727464716143685,0.5994151395208663,0.031683668920269636,-0.1160033220737155,0.2971569842384612,2.0
0.4578947368421051,0.32608695652173925,0.4919786096256683,0.4587628865979381,0.17391304347826084,0.1413793103448276,0.03586497890295358,0.660377358490566,0.07255520504731862,0.735494795221843,0.07317073170731707,0.1318681318681318,0.1369472182596291,2.0
0.6710526315789473,0.3636363636363637,0.7112299465240641,0.7164948453608249,0.3804347826086957,0.1965517241379311,0.10548523206751052,0.490566037735849,0.35646687697160884,0.6296928327645052,0.2113821138211382,0.19413919413919414,0.33666191155492153,2.0
0.7603523634541666,0.2673336863303489,0.664282301563442,0.5780445563778852,0.3580562445457491,0.2240873981987421,0.10372036408009018,0.5661383610625076,0.2981001662178798,0.80635057098946,0.22612593495025737,0.13707403407779706,0.26909290055774776,2.0
0.7394736842105263,0.6679841897233202,0.5454545454545453,0.4587628865979381,0.2065217391304348,0.2827586206896552,0.10337552742616032,0.660377358490566,0.3627760252365931,0.6595563139931739,0.07317073170731707,0.13553113553113555,0.1440798858773181,2.0
0.5078947368421058,0.5355731225296444,0.5294117647058824,0.4072164948453608,0.39130434782608703,0.1413793103448276,0.07594936708860757,0.5094339622641509,0.16719242902208206,0.34129692832764497,0.1626016260162602,0.1758241758241758,0.2831669044222539,2.0
0.5241745722282769,0.5733651743132987,0.503984377612754,0.5303134083154861,0.13414699288200982,0.2771750834754316,0.08700161506189041,0.5294779838214941,0.23185274248340088,0.5608226351437063,0.0859699240402057,0.19428780032086768,0.27975281141232844,2.0
0.6937328772211888,0.6144589936004095,0.4398488185773992,0.5107369174377097,0.4245676106486142,0.20994244288365538,0.07642289148992415,0.5626244593513234,0.31908229910114383,0.22586751048414197,0.11257083577098817,0.13174687248151892,0.4673088926160526,2.0
0.3210526315789477,0.6205533596837945,0.44919786096256703,0.4072164948453608,0.4565217391304349,0.13793103448275862,0.09282700421940927,0.3018867924528301,0.23028391167192425,0.5912969283276451,0.13821138211382114,0.2673992673992674,0.4115549215406562,2.0
0.4394736842105265,0.5553359683794467,0.5347593582887699,0.5618556701030928,0.39130434782608703,0.2482758620689656,0.1814345991561181,0.07547169811320756,0.13564668769716087,0.31740614334470985,0.2439024390243903,0.007326007326007355,0.2296718972895863,2.0
0.4763157894736842,0.4387351778656127,0.6684491978609625,0.6907216494845361,0.3369565217391305,0.4620689655172414,0.05485232067510547,0.7547169811320755,0.1261829652996846,0.3105802047781569,0.3333333333333333,0.32234432234432225,0.2225392296718973,2.0
0.5631578947368423,0.3656126482213439,0.5401069518716578,0.4845360824742269,0.5434782608695653,0.2310344827586207,0.07172995780590717,0.7547169811320755,0.3312302839116719,0.6843003412969284,0.09756097560975613,0.12820512820512825,0.4008559201141227,2.0
0.4789473684210526,0.5,0.6524064171122995,0.5876288659793816,0.39130434782608703,0.2310344827586207,0.05485232067510547,0.8867924528301885,0.17350157728706622,0.3668941979522185,0.3170731707317073,0.30769230769230765,0.20827389443651925,2.0
0.37368421052631584,0.4525691699604743,0.6844919786096256,0.8453608247422681,0.2934782608695653,0.3172413793103448,0.050632911392405035,0.9433962264150944,0.23028391167192425,0.5307167235494881,0.15447154471544716,0.1684981684981685,0.4293865905848788,2.0
0.3210526315789477,0.7865612648221344,0.6310160427807486,0.5360824742268042,0.2065217391304348,0.13793103448275862,0.027426160337552727,0.7547169811320755,0.12302839116719246,0.219283276450512,0.21951219512195125,0.0,0.3152639087018545,2.0
0.541560366291609,0.4557728503517987,0.7153976204740777,0.7751494229984945,0.2924488363189098,0.38376827020376064,0.049153594763516884,0.7195951802011495,0.06490399281294945,0.25071629946652707,0.3393999896535609,0.32099798600189267,0.16368459277300107,2.0
0.6368421052631579,0.5849802371541503,0.663101604278075,0.6391752577319587,0.4456521739130436,0.2482758620689656,0.12236286919831225,0.5660377358490566,0.3312302839116719,0.8020477815699658,0.3008130081300813,0.10622710622710624,0.297432239657632,2.0
0.8710526315789475,0.1857707509881423,0.7165775401069521,0.7422680412371134,0.30434782608695665,0.6275862068965518,0.2046413502109704,0.7547169811320755,0.7223974763406941,1.0,0.07317073170731707,0.2527472527472527,0.27246790299572043,2.0
0.7500000000000004,0.8498023715415021,0.4652406417112299,0.4845360824742269,0.10869565217391307,0.0,0.0,0.5094339622641509,0.08517350157728709,0.3088737201365188,0.08130081300813008,0.02197802197802201,0.09771754636233952,2.0
0.7638411687999146,0.615126369503193,0.6278733624603992,0.734247295298235,0.4267771885663376,0.25460953323473146,0.11887562733139503,0.4651311383296617,0.3727351671590044,0.6553663700472552,0.29244541089491793,0.11957081932489941,0.41270233389391675,2.0
0.3947368421052633,0.9426877470355732,0.6844919786096256,0.7422680412371134,0.28260869565217395,0.2793103448275862,0.05485232067510547,0.9433962264150944,0.21766561514195587,0.31740614334470985,0.2764227642276423,0.1538461538461538,0.16904422253922965,2.0
0.5449478403520153,0.8847320222886667,0.6032809105294015,0.6073011932900649,0.25984037521588926,0.3172313750714673,0.0769481590731877,0.7853067562159852,0.2044499338792543,0.2905970288378217,0.3147401815472435,0.22290171912543494,0.1821173309209766,2.0
0.8236842105263159,0.349802371541502,0.5989304812834223,0.4845360824742269,0.2282608695652174,0.2413793103448276,0.07594936708860757,0.5849056603773585,0.2618296529968454,0.7184300341296928,0.11382113821138212,0.1611721611721612,0.27246790299572043,2.0
